AUTO_OFICIAL,AUTO_PUBLICO,AUTO_PARTICULAR,CAM_PAS_OFICIAL,CAM_PAS_PUBLICO,CAM_PAS_PARTICULAR,CYC_CARGA_OFICIAL,CYC_CARGA_PUBLICO,CYC_CARGA_PARTICULAR,MOTO_OFICIAL,MOTO_DE_ALQUILER,MOTO_PARTICULAR
452,4741,368872,5,2497,619,557,3599,112480,299,0,89105
0,36,6870,0,2,18,6,20,5689,2,0,6199
1,168,13988,0,7,10,18,4,13383,9,0,3776
2,21,2700,0,0,6,7,0,1795,0,0,2122
24,243,41830,0,46,90,35,180,17078,24,0,12852
7,192,10518,0,13,21,2,19,5434,4,0,3772
3,109,9415,0,1,36,3,7,6595,4,0,10017
3,50,1819,0,1,4,2,0,1838,0,0,984
0,43,3513,0,0,6,9,1,3016,0,0,2215
2,45,4293,0,0,4,4,0,3323,0,0,2891
12,80,13960,0,6,15,23,538,6088,3,0,5249
0,918,222793,0,1149,1573,0,268,79210,0,0,3937
0,1764,570883,0,615,905,0,115,149751,0,0,11257
0,120,56464,0,235,211,0,15,21861,0,0,1399
0,11133,916536,0,7137,1202,0,459,238436,0,0,43885
0,1335,56750,0,230,82,0,28,20636,0,0,2275
0,5,3318,0,73,4,0,56,1467,0,0,20
0,0,375,0,0,0,0,0,126,0,0,4
38,137,31493,7,5,114,257,47,20791,4,0,280
16,138,24037,1,5,224,70,68,14932,2,0,248
1499,10907,219707,39,433,660,2416,749,77569,67,7,7423
144,14868,151780,2,594,546,250,1478,54756,1,158,13628
5,239,6541,0,1,42,30,27,3952,0,0,172
1,58,6458,0,9,37,15,11,1747,5,10,13028
339,916,75090,23,431,324,838,285,23570,229,12,67123
28,1368,70671,0,165,131,37,284,21415,40,170,35915
10,191,10356,3,27,28,60,47,7289,2,26,21818
9,56,3553,1,2,7,16,1,1561,1,0,5144
15,27,4997,1,1,6,31,4,4335,3,9,5153
8,21,1043,0,5,4,8,6,535,4,0,1547
4,15,1413,1,0,9,16,1,1072,8,0,2096
8,185,8786,2,14,16,47,39,7388,3,8,16811
11,77,2054,0,0,2,35,0,1389,7,2,4067
3,116,4740,0,5,11,8,26,5147,0,0,9513
1,25,1910,0,3,12,7,3,1122,0,143,3421
0,1,1331,0,0,4,1,3,864,0,0,3638
1,0,316,0,0,8,0,0,236,0,0,8
7,874,25217,0,461,16489,21,54,14900,0,0,1317
1,31,4676,0,10,1318,0,3,3527,0,0,142
3,93,4232,0,122,2270,15,0,4451,0,0,211
0,0,211,0,0,6,0,0,191,0,0,2
2,54,6569,0,156,340,6,20,4162,0,0,196
0,1,2422,0,0,357,7,0,1815,1,0,96
2,0,404,0,0,22,0,1,448,0,0,7
0,0,11046,0,0,3149,0,3,6271,0,0,1639
10,170,22396,0,234,1005,42,11,8240,2,0,1083
0,1,744,1,0,448,3,0,1238,0,0,23
0,0,321,0,0,10,0,0,312,0,0,5
0,0,494,0,0,3,1,0,283,0,0,3
0,2,1013,0,7,672,4,0,1542,0,0,19
0,0,260,0,0,8,0,0,339,0,0,8
0,0,362,0,0,22,1,0,195,0,0,8
0,0,26639,0,4,779,23,7,13500,0,0,2903
31,831,72636,0,626,3126,40,86,25959,4,0,4052
0,5,1500,0,11,497,0,0,1739,0,0,29
3,78,13950,0,132,589,11,31,9089,0,0,607
2,3,1744,0,7,53,0,0,725,0,0,51
0,31,5317,0,7,1391,9,6,3718,0,0,137
0,0,576,0,0,121,1,0,677,0,0,13
0,140,7600,0,32,2526,7,9,5045,3,0,3775
11,639,63818,0,343,1997,52,11,21680,0,0,2377
0,0,572,0,0,23,0,0,442,0,0,8
21,416,30423,1,341,13331,26,0,13369,0,0,3042
3,76,18542,1,249,619,9,27,8409,0,0,1073
0,0,489,0,0,13,0,0,219,0,0,6
166,6319,218246,12,3536,90682,980,64,89436,96,0,17609
0,52,7792,0,56,257,8,0,3527,0,0,348
0,48,13811,0,47,624,11,11,6583,0,0,1410
9,0,14736,0,5,3667,15,3,9397,0,0,3358
0,0,128,0,0,39,0,0,276,0,0,7
113,6332,183128,1,2536,3985,83,574,55915,59,0,20009
0,0,2626,0,1,98,5,1,1967,0,0,207
0,0,847,0,0,190,1,0,948,0,0,17
0,0,1989,0,0,449,2,0,2004,0,0,38
7,61,4821,0,10,17,11,20,5287,9,0,4179
721,866,66037,20,249,232,985,140,27655,148,0,25529
2,28,4134,0,16,29,15,9,3408,8,0,1673
7,46,3727,0,3,16,23,7,3338,5,0,2717
1,83,7538,0,6,97,4,11,6239,0,0,1685
14,10,1027,6,0,6,20,1,1215,3,0,443
101,733,54585,6,254,155,314,109,25259,107,0,30775
10,16,1618,0,2,13,14,8,1718,5,0,354
42,317,23194,1,56,143,119,52,19105,22,0,22128
14,578,50452,0,60,81,58,104,16401,21,0,19687
0,6,569,0,2,0,3,13,1190,0,20,815
4,10,1582,0,11,1,6,41,1752,0,550,1655
0,47,1672,0,20,0,1,49,3320,1,75,1897
0,24,937,0,15,1,7,16,1276,0,0,107
2,1,7051,0,9,1,8,38,4064,0,0,811
2,23,1441,0,7,0,7,77,2128,0,0,179
2,0,185,0,22,0,8,1,432,4,0,12
1,13,1666,0,54,2,5,80,3341,0,72,412
7,79,10622,0,32,5,19,59,7480,10,0,5014
0,20,351,0,0,0,2,9,392,0,0,25
1,32,475,0,50,0,5,76,906,0,0,50
6,40,6373,0,32,36,15,32,3429,4,10,3682
3,94,2529,0,47,6,16,43,1685,0,0,894
1,50,1128,0,11,3,10,28,827,0,0,123
3,92,4310,0,41,0,17,9,2872,3,22,2313
0,29,1891,0,25,1,4,14,1272,1,0,1395
2,97,10797,0,59,15,22,80,7558,6,195,5825
1,5,406,0,4,0,0,15,375,0,0,374
6,1170,27990,0,584,26,19,492,15616,2,2,5410
1,35,2300,0,16,3,6,18,3360,1,69,1019
2,51,1883,0,96,2,3,197,1460,0,54,1553
1,29,277,0,2,1,5,0,128,0,0,3
0,127,7877,0,61,17,3,6,4386,0,0,510
1,0,236,0,19,0,11,0,279,1,0,17
1,7,225,0,7,0,7,7,158,0,15,269
0,86,987,0,3,1,2,25,950,0,0,47
13,234,16427,0,96,40,31,167,6906,5,10,6682
0,0,203,0,3,0,1,4,303,0,4,174
0,2,245,0,2,1,14,8,161,3,0,241
2,16,1260,0,71,0,3,97,2812,0,0,352
1,34,2796,0,15,1,49,118,2206,7,0,246
0,35,1578,0,42,0,9,32,1958,1,164,1402
0,6,60,0,5,0,1,3,67,0,0,254
2,165,6013,0,107,1,9,330,7112,0,0,828
0,0,698,0,0,0,1,0,678,0,0,1073
0,0,473,0,0,0,1,0,394,0,0,48
1,7,2440,0,34,0,5,31,3208,2,86,2280
1,0,682,0,4,2,7,0,538,0,0,24
2,3,388,0,1,0,4,20,726,0,0,97
4,66,6088,0,90,7,46,70,4942,2,2,4631
1,9,1620,0,55,1,1,55,3283,0,50,134
0,13,1022,0,13,2,5,0,536,1,0,80
2,10,3421,0,5,1,2,31,1752,1,1,893
0,8,1632,0,10,5,3,26,910,0,88,161
0,1,317,0,1,0,2,20,255,1,0,267
5,18,2969,0,29,3,32,66,2269,3,60,2148
2,9,1430,0,1,1,8,10,946,0,48,117
7,37,8148,0,23,2,2,21,4655,1,0,2862
2,24,1926,0,7,3,7,0,787,0,0,107
0,11,1659,0,3,0,0,7,1153,0,0,928
5,73,3007,0,52,2,20,32,4674,9,35,3077
0,94,4768,0,160,5,1,116,6235,0,0,361
2,7,566,0,0,0,1,3,669,0,0,97
5,1,1485,0,21,1,2,0,2066,0,0,2050
0,4,372,0,0,0,2,1,281,0,0,327
0,4,656,0,2,0,1,0,185,0,0,11
12,132,5723,0,101,1,24,204,5718,2,46,1479
0,0,34,0,10,0,0,0,148,0,0,7
18,641,9105,0,117,3,61,189,6949,3,0,1083
0,1,217,0,1,0,0,4,193,0,0,96
1,29,7080,0,85,22,22,74,6180,1,355,4715
0,21,918,0,8,2,9,60,840,0,95,669
0,3,146,0,9,0,4,2,73,0,0,101
2,25,1288,0,2,1,21,92,1236,8,0,81
27,476,12581,0,174,10,25,481,10210,5,0,6758
1,31,172,0,3,1,9,19,622,0,0,10
3,25,2949,0,0,0,2,21,2120,0,0,199
1,82,11528,0,20,7,22,69,5087,7,0,3210
1,80,3264,0,81,1,4,72,3993,9,13,2752
0,45,548,0,6,0,2,22,590,0,0,40
2,13,1545,0,12,2,6,42,2695,1,43,1657
1,28,1447,0,8,0,7,14,1068,0,0,117
1,20,724,0,0,0,0,3,490,0,13,108
1,78,29696,0,117,10,11,89,13564,3,1,7610
1,17,7517,0,37,11,3,16,5281,0,39,374
0,12,218,0,16,1,15,19,443,0,0,116
1,27,1745,0,60,0,6,142,1252,3,0,1165
26,1182,42049,0,502,118,120,467,17411,106,1,8929
17,28,3505,0,45,17,30,27,1877,5,0,3351
0,30,1388,0,43,1,13,95,2397,0,0,148
1,20,1369,0,30,1,16,65,1577,10,0,228
2,0,160,0,0,0,2,1,288,2,0,18
1,11,996,0,31,2,3,14,1746,0,45,208
2,4,518,0,9,0,7,2,322,0,0,237
1,2,459,0,6,1,3,3,306,0,16,67
4,12,2712,0,49,23,7,38,1792,1,88,2172
0,24,2900,0,12,1,3,8,3204,2,0,4367
2,1,92,0,2,0,5,0,49,0,0,137
82,1970,63312,0,1018,18,213,209,32026,53,20,35436
1,5,484,0,3,0,1,15,436,1,0,64
2,45,2018,0,12,1,9,47,1195,0,8,299
2,9,1200,0,9,0,12,58,1167,3,0,1269
0,206,1723,0,15,0,6,7,1191,0,0,48
2,30,3127,0,49,13,12,40,3044,2,45,230
0,108,1251,0,15,0,12,104,829,0,0,206
6,224,14914,0,74,4,58,105,9280,45,94,10746
2,0,76,0,1,1,3,3,264,0,0,123
2,117,5126,0,59,3,14,164,8090,0,28,279
0,26,430,0,22,0,3,121,560,0,0,110
2020,5369,196399,2,2274,493,3261,649,73227,510,130,50547
1,61,3811,0,37,2,5,30,2865,4,166,4700
0,4,1202,0,12,0,4,12,1514,1,0,2350
0,16,947,0,25,1,2,3,1092,1,0,226
0,15,711,0,7,0,4,1,403,3,5,344
7,86,3807,0,139,10,12,64,4640,2,9,574
4,25,5130,0,17,2,15,20,5432,1,17,4932
28,125,10663,0,138,12,87,90,8396,35,32,9232
0,82,2358,0,18,2,22,52,1503,6,0,551
0,0,79,0,1,0,0,1,165,0,2,100
1,58,2766,0,14,4,23,0,3533,0,0,147
1,46,369,0,0,0,8,3,427,0,0,22
1,3,241,0,0,0,0,1,121,0,0,15
0,144,3857,0,46,1,6,80,4836,0,0,1940
0,0,183,0,0,0,3,0,430,0,0,18
0,0,1448,0,0,0,3,0,1109,0,0,234
0,0,10,0,0,0,0,0,27,0,0,2
1,0,52,0,0,0,2,0,70,0,0,6
1,8,128,0,0,0,0,0,55,0,0,4
0,0,0,0,0,0,0,0,0,0,0,0
0,0,160,0,0,1,0,0,78,0,0,5
0,0,190,0,1,0,2,0,171,1,0,150
0,2,157,0,0,1,0,3,60,0,0,130
0,16,1555,0,4,4,3,23,1269,0,2,1069
0,0,0,0,0,0,0,0,2,0,0,0
3,0,3319,1,0,25,5,1,2759,0,0,18
6,14,9439,6,7,38,18,16,5726,2,1,333
2,6,2313,0,0,0,4,0,1759,0,0,28
3,2,5584,0,0,10,3,0,1571,0,0,343
2,0,5777,1,0,40,3,2,5245,0,0,26
5,0,1756,0,0,5,3,0,1601,0,0,17
4,0,1625,0,0,3,14,3,2275,0,0,7
1,0,177,0,0,1,3,0,309,0,0,3
5,27,5538,0,5,59,6,54,4307,0,0,32
9,1,5698,2,12,38,9,2,5315,0,0,68
15,60,15166,3,19,81,38,67,8748,8,0,211
1,0,1308,1,0,10,8,1,1613,0,0,13
0,3,3362,0,0,27,7,0,3096,0,0,27
5,0,578,0,0,0,3,0,506,0,0,6
3,0,319,0,0,0,3,0,646,0,0,2
1,0,1574,5,0,3,11,0,1306,0,0,13
59,155,64547,3,67,513,146,285,44009,16,0,1052
9,0,1980,6,0,27,9,6,2945,0,0,16
1389,1300,454849,285,661,2926,2885,1819,144194,334,4,22021
0,0,390,0,0,8,1,0,544,0,0,0
47,180,54152,6,96,346,96,41,21833,20,1,1761
1,0,1482,1,0,6,3,0,1954,0,0,10
3,0,1794,0,0,5,3,1,1821,0,0,22
5,3,2764,1,11,7,3,6,2804,0,0,53
0,0,2305,0,0,20,0,0,1679,0,0,13
7,0,1138,2,0,7,8,0,1461,0,0,6
2,7,5203,1,3,14,34,43,4385,0,0,29
4,0,4274,1,76,4,4,0,1708,0,0,65
6,0,1454,3,0,10,12,1,2250,0,0,16
2,1,610,0,1,9,5,1,879,0,0,1
2,10,10494,0,0,41,29,6,8813,0,0,102
40,249,41072,0,124,148,69,199,18966,23,0,1080
1,0,195,0,0,0,2,0,396,0,0,0
2,0,1467,0,4,46,1,17,1561,0,0,3
2,0,2327,0,0,14,1,2,3351,0,0,5
4,54,10601,1,9,88,13,72,6382,8,0,115
218,660,600253,2,3215,516,646,1489,132626,47,0,9556
4,0,1745,2,0,6,14,1,1860,0,0,35
1,0,1087,0,2,4,4,0,918,2,0,11
3,7,6472,2,0,26,13,9,5585,0,0,36
0,0,30,0,0,1,0,0,71,0,0,0
1,0,380,0,0,0,11,0,642,0,0,2
3,0,730,0,0,4,1,0,804,0,0,5
1,0,1245,1,0,0,3,0,1292,0,0,15
30,29,14432,1,2,97,28,26,9055,4,0,410
4,0,171,0,0,0,3,0,349,0,0,1
7,0,310,0,0,0,2,0,517,0,0,0
8,1,7460,3,0,37,26,24,8022,0,0,81
1,0,561,1,0,2,5,0,629,0,0,2
5,45,19182,1,44,73,19,33,11778,0,0,169
0,0,995,0,0,25,7,0,1360,0,0,2
6,22,8799,2,0,27,25,17,8118,0,0,142
1,0,1832,1,12,3,1,1,1026,0,0,16
4,0,2841,1,0,19,8,15,4454,0,0,50
10,0,6022,0,2,6,3,4,4346,1,0,100
4,0,413,3,0,5,6,0,675,0,0,4
9,0,642,0,0,1,10,0,939,0,0,4
2,2,797,1,0,2,2,0,741,3,0,5
3,13,1663,0,0,4,2,1,903,0,0,25
4,14,3352,0,7,5,4,1,1811,0,0,34
11,0,1343,5,0,23,11,0,1973,0,0,3
12,8,10792,2,2,27,23,32,7270,4,0,124
7,0,1002,1,0,0,7,1,1161,0,0,5
2,0,744,0,0,1,7,0,890,0,0,4
1,0,568,0,1,20,13,0,922,0,0,3
1,0,504,0,0,1,7,0,608,0,0,1
3,2,1439,0,0,1,2,3,1935,0,0,24
25,4846,297801,0,894,575,23,2,4419,1,0,32239
55,7358,488823,2,1361,441,52,3,3564,2,0,50205
10,1205,147212,0,595,66,53,0,1134,2,0,13537
266,13649,615935,0,3185,714,13,12,4971,3,0,74769
50,5733,243400,2,1189,107,33,3,3030,6,0,29555
3679,17124,729510,8,4779,358,75,8,7523,34,0,115192
95,2629,129268,1,426,29,24,1,424,31,0,17827
29,1110,48603,6,366,4,20,0,270,1,0,9123
75,8184,420997,6,1963,390,45,2,5146,12,0,58243
81,2583,127681,0,1171,49,7,0,731,31,0,32673
11,6834,398311,16,1598,350,303,1,2273,5,0,46844
186,4308,175921,47,1224,44,1393,6,1044,48,0,43549
188,2284,501551,107,248,455,16,3,6486,75,0,75532
5007,4437,487072,431,3301,679,6429,4,9851,787,0,61727
49,2775,482785,1,530,446,26,4,9872,3,0,38456
21,5995,274947,2,860,335,7,4,2390,2,0,37161
10,16,6185,0,7,10,8,16,5369,1,0,218
0,0,246,0,5,0,8,2,378,0,0,4
0,0,293,0,0,0,4,0,659,0,0,0
7,28,6559,2,21,26,11,98,5046,0,0,154
368,7043,212732,2,1031,309,1133,1637,87158,276,0,25987
5,0,1008,0,0,0,3,0,1426,0,0,121
192,3780,190250,5,944,193,424,935,65296,62,0,10914
6,22,7220,0,37,9,7,49,6082,0,0,163
2,1,1569,0,3,1,10,2,2069,0,0,26
10,0,784,0,0,0,8,0,1161,0,0,8
1,1,554,0,0,2,3,0,1176,0,0,3
61,902,39662,0,247,32,176,139,14390,52,0,3253
10,56,4958,0,2,9,17,13,3815,1,0,66
5,0,820,1,5,1,34,1,1498,0,0,36
2,0,2525,0,29,2,4,8,2309,0,0,54
2,33,2925,0,16,1,14,16,2626,0,0,68
4,1,3017,0,1,6,13,0,3358,0,0,25
1,2,2269,0,6,1,1,4,2844,0,0,33
0,0,90,0,0,0,0,0,310,0,0,1
5,6,2364,0,3,4,3,8,2463,0,0,39
0,1,1355,0,12,2,3,2,1561,0,0,25
8,72,8488,0,8,13,15,5,5585,0,0,235
2,54,8234,0,41,16,17,120,6167,4,0,586
5,19,1904,0,3,3,5,8,2370,0,0,43
0,0,329,0,0,0,4,0,636,0,0,3
0,3,1227,0,38,2,0,43,1946,0,0,499
3,0,375,0,0,0,1,0,563,0,0,19
1,7,2855,0,3,11,6,0,3444,0,0,49
1,0,580,0,0,1,1,0,697,0,0,2
3,0,224,0,0,0,3,0,361,0,0,8
0,0,1111,0,0,1,0,0,1457,0,0,78
5,80,10376,1,26,12,9,76,9340,0,0,202
0,8,1638,0,0,1,1,0,1656,0,0,77
0,30,15225,0,11,3,20,4,8132,0,0,854
2,0,2637,3,1,1,7,32,3057,0,0,28
9,34,3633,2,1,9,7,31,2129,0,0,88
3,0,1818,0,1,3,19,6,1170,0,0,16
9,32,5707,0,16,11,12,60,4149,3,0,265
21,42,6660,3,17,10,16,20,7278,0,0,134
50,27,11881,1,25,276,97,15,10132,25,0,7278
43,77,18592,6,117,334,115,29,11088,39,0,9495
122,310,30497,4,148,587,226,30,14980,126,0,14980
61,23,9277,2,36,207,128,33,7055,30,0,5323
140,39,11094,11,121,295,283,15,6146,46,0,8162
16,0,171,5,0,11,18,0,267,3,0,24
307,1298,120353,68,278,2162,859,90,36330,315,0,56098
28,23,7641,3,3,219,65,8,6768,13,0,4578
15,61,7686,5,48,208,104,14,5140,17,0,7374
37,23,1843,4,8,38,41,7,1726,13,0,530
51,81,15403,7,52,319,100,14,6242,37,0,13018
20,8,4365,3,6,96,49,8,3427,19,0,2766
36,6,3975,1,2,122,53,4,3301,14,0,1379
50,76,21170,3,108,686,185,34,17130,61,0,15067
6011,308,44977,380,141,903,5512,53,13887,895,0,13832
26,5,2857,1,5,76,17,0,2527,4,0,646
373,1559,122144,36,443,2937,848,71,36122,223,0,81995
32,20,4892,2,15,84,50,6,3222,15,0,3656
18,27,5440,2,36,247,52,8,6063,9,0,2297
1552,3625,409123,151,1729,7062,2252,210,113497,423,0,154175
39,82,12354,3,24,219,78,11,4154,69,0,18896
15,4,2591,5,0,61,39,5,2421,3,0,1258
26,77,22522,6,77,776,108,49,18248,51,0,18850
41,15,2067,1,4,84,35,1,1987,28,0,2568
86,18,13181,20,11,330,185,5,6936,49,0,17399
25,22,8178,10,37,339,81,6,5998,6,0,4773
139,647,67176,23,165,1317,685,58,19525,103,0,35080
38,63,14333,2,78,294,136,24,9203,41,0,12525
26,16,3655,1,3,89,36,4,4684,21,0,2902
38,34,9228,3,4,280,195,12,9291,31,0,9827
89,55,27064,16,47,891,270,14,14318,92,0,24271
42,37,16862,3,38,396,117,20,8832,33,0,3432
46,72,17211,2,33,713,144,33,14409,74,0,15130
30,3,544,5,0,35,37,1,781,4,0,81
24,64,9787,16,79,271,107,14,6858,30,0,6766
11,8,1408,4,12,31,21,0,898,4,0,608
245,136,36433,73,82,784,262,11,13733,75,0,24204
30,11,2017,2,8,35,47,7,1676,12,0,1326
26,14,5195,2,46,163,67,11,4086,17,0,3753
29,3,1327,1,12,40,49,0,1278,7,0,149
51,75,10670,3,65,295,162,26,4528,84,0,18843
64,76,19587,5,150,723,144,49,14902,75,0,16786
26,11,2408,0,0,114,45,1,2300,9,0,621
34,40,10019,2,42,426,58,4,3818,14,0,5899
17,0,370,2,0,36,53,0,750,2,0,196
24,47,10991,4,50,263,72,10,8821,35,0,9084
100,15432,335574,1,3503,16869,112,2919,72104,3,44,79499
0,0,0,0,0,0,0,0,0,0,0,0
0,0,0,0,0,0,0,0,0,0,0,0
0,0,0,0,0,0,0,0,0,0,0,0
0,0,0,0,0,0,0,0,0,0,0,0
0,0,0,0,0,0,0,0,0,0,0,0
1,920,11715,0,186,841,4,494,4278,0,0,1310
0,0,0,0,0,0,0,0,0,0,0,0
0,0,0,0,0,0,0,0,0,0,0,0
0,0,0,0,0,0,0,0,0,0,0,0
12,344,7721,0,106,782,0,194,2455,0,0,2877
0,204,4338,0,18,313,0,60,1649,0,4,874
0,0,0,0,0,0,0,0,0,0,0,0
0,0,0,0,0,0,0,0,0,0,0,0
0,319,12244,0,36,537,0,86,4732,0,1,1475
0,0,0,0,0,0,0,0,0,0,0,0
0,0,0,0,0,0,0,0,0,0,0,0
0,0,0,0,0,0,0,0,0,0,0,0
0,0,0,0,0,0,0,0,0,0,0,0
0,0,0,0,0,0,0,0,0,0,0,0
4,869,13250,0,182,569,0,330,1877,0,15,3570
6,493,28022,0,49,422,0,235,6353,0,3,4734
24,44,11033,0,1,759,2,12,6521,0,0,6227
0,0,0,0,0,0,0,0,0,0,0,0
0,0,0,0,0,0,0,0,0,0,0,0
0,0,0,0,0,0,0,0,0,0,0,0
2,3265,17520,0,210,382,0,439,7870,0,6,2742
5,926,10738,2,301,629,6,344,3914,0,31,9364
275,5236,89851,60,1713,4941,589,3326,20057,34,20,12525
2,1469,2609,0,206,193,0,674,949,0,13,473
0,0,0,0,0,0,0,0,0,0,0,0
0,0,553,0,1,1,0,0,72,0,0,84
12,598,8328,1,152,758,6,123,4101,1,24,1260
3,441,14503,0,186,428,1,125,2389,0,0,3023
4,4700,54732,0,637,1729,2,862,14580,0,9,21781
0,0,0,0,0,0,0,0,0,0,0,0
0,0,0,0,0,0,0,0,0,0,0,0
7,3418,58125,0,617,2468,0,413,10490,0,0,16879
2,1373,5945,0,136,619,0,204,2732,0,6,1009
0,0,0,0,0,0,0,0,0,0,0,0
0,11,387,0,0,0,0,2,526,0,0,48
0,0,0,0,0,0,0,0,0,0,0,0
0,0,0,0,0,0,0,0,0,0,0,0
9,262,4170,0,70,31,13,10,1060,1,0,598
2,27,2055,0,0,5,0,8,469,0,0,667
11,3415,18705,2,417,1506,2,626,5565,0,20,9146
0,0,0,0,0,0,0,0,0,0,0,0
1,75,25657,0,22,575,0,14,8632,0,0,6039
0,11,16276,0,3,1128,0,4,9462,0,0,2676
3,1932,36887,0,446,2604,1,898,10430,0,0,5846
0,0,0,0,0,0,0,0,0,0,0,0
0,148,4116,0,2,5,0,2,928,0,2,1153
0,105,6576,0,15,494,0,21,3288,0,0,750
0,0,0,0,0,0,0,0,0,0,0,0
5,7297,65784,0,428,2351,0,1243,14771,1,90,10425
0,0,0,0,0,0,0,0,0,0,0,0
14,2167,20573,1,264,1067,3,312,4989,0,3,3366
0,644,10770,0,143,993,0,511,4735,0,0,2926
4,22,6629,0,1,177,1,3,2904,0,0,1657
0,0,0,0,0,0,0,0,0,0,0,0
3,278,9664,0,64,598,0,150,3066,0,20,2422
0,0,0,0,0,0,0,0,0,0,0,0
0,0,0,0,0,0,0,0,0,0,0,0
0,0,0,0,0,0,0,0,0,0,0,0
0,0,0,0,0,0,0,0,0,0,0,0
10,3005,17009,0,524,1181,0,1624,8240,0,59,4958
0,37,13014,0,14,466,0,22,4284,0,0,2505
2,58,34442,0,61,776,0,12,6113,0,0,7630
0,0,0,0,0,0,0,0,0,0,0,0
0,0,0,0,0,0,0,0,0,0,0,0
0,7,301,0,0,0,0,0,24,0,0,22
0,0,0,0,0,0,0,0,0,0,0,0
0,148,16441,0,57,101,0,207,4353,0,8,2733
0,0,0,0,0,0,0,0,0,0,0,0
0,103,10190,0,20,658,0,33,3196,0,1,1454
0,0,0,0,0,0,0,0,0,0,0,0
7,463,4650,0,58,479,2,77,2066,0,19,1222
0,0,0,0,0,0,0,0,0,0,0,0
0,0,0,0,0,0,0,0,0,0,0,0
0,0,0,0,0,0,0,0,0,0,0,0
0,0,0,0,0,0,0,0,0,0,0,0
0,0,0,0,0,0,0,0,0,0,0,0
0,0,0,0,0,0,0,0,0,0,0,0
0,0,0,0,0,0,0,0,0,0,0,0
0,0,0,0,0,0,0,0,0,0,0,0
8,30,3221,1,14,1,21,39,3011,0,0,229
5,85,2886,0,13,0,18,158,4106,2,0,160
25,178,10970,0,48,10,48,130,5476,13,0,1050
9,31,970,0,3,0,17,44,834,1,0,38
7,70,1763,0,22,2,17,23,905,1,0,157
12,46,1836,0,16,14,7,47,1451,3,0,205
19,16,1064,0,0,0,21,5,505,0,0,99
34,115,6221,1,39,5,32,134,1972,5,0,559
7,51,2141,0,9,0,8,73,1445,3,0,232
14,38,5862,0,7,2,40,117,1805,6,0,656
11,20,578,0,0,0,14,65,406,0,0,113
2,197,4770,0,25,1,16,262,3543,2,0,278
11,127,5444,0,10,1,29,192,1681,0,0,799
5,35,622,0,0,0,17,65,359,2,0,118
12,7,1683,0,0,0,25,72,1276,4,0,94
21,83,8623,0,25,2,14,199,4241,0,0,837
18,43,856,0,0,0,14,23,644,0,0,93
6,19,867,0,0,0,11,18,755,0,0,66
8,13,1352,0,0,0,21,76,1138,2,0,154
4,1,121,0,0,0,9,2,161,0,0,27
5,16,2032,0,1,0,6,41,543,0,0,106
9,102,2964,0,1,3,14,202,1288,2,0,527
11,35,5444,2,0,1,20,94,2327,8,0,520
9,107,2648,0,3,0,20,58,1859,0,0,168
10,30,594,1,2,0,13,46,343,0,0,67
4,1,175,0,0,0,24,11,214,3,0,32
3,18,413,0,0,0,12,23,264,3,0,60
12,393,8434,1,32,0,96,370,4853,9,0,1388
30,125,6866,1,9,3,92,177,4671,27,0,725
34,163,12693,3,20,2,78,284,7227,2,0,1143
12,19,1250,0,0,0,24,18,1183,1,0,46
4,19,343,0,0,0,3,42,300,0,0,68
3,5,171,0,0,0,4,8,169,0,0,11
4,30,462,0,0,0,10,39,239,0,0,42
7,6,1848,0,5,0,16,33,1780,3,0,88
6,48,1204,0,2,2,9,25,905,5,0,99
6,79,1444,0,0,0,11,34,1681,1,0,198
11,30,1183,0,0,7,24,45,714,0,0,278
8,199,2803,0,17,4,10,128,791,0,0,341
11,0,434,0,0,0,18,18,627,0,0,26
24,54,5910,2,0,0,25,180,2507,0,0,573
5,51,949,0,0,0,14,38,508,0,0,105
8,11,289,0,4,0,11,7,286,0,0,38
19,27,1702,0,1,1,24,13,1313,2,0,156
0,17,1487,0,0,0,12,13,819,0,0,89
6,58,1275,0,2,0,21,103,1157,0,0,298
6,1,306,1,0,1,19,11,557,0,0,9
1769,2486,103380,44,538,26,2690,2259,23767,232,0,16284
0,5,378,0,0,0,4,11,582,0,0,22
5,42,4328,0,88,1,16,173,1866,0,0,267
35,797,44980,1,24,10,99,528,9008,25,0,9233
62,134,4476,3,5,2,93,188,1965,3,0,505
2,35,609,0,2,1,13,41,299,1,0,65
8,36,3895,0,4,1,11,82,2391,0,0,369
6,20,1852,0,1,3,8,31,1519,0,0,156
13,76,6766,0,12,1,30,188,2537,14,0,763
7,34,2470,0,4,0,6,102,1727,0,0,116
10,33,2386,0,0,0,23,84,2011,3,0,225
11,78,3347,0,7,1,15,66,4329,4,0,358
13,59,983,0,1,0,19,47,604,0,0,36
10,117,12162,1,10,4,29,174,2923,0,0,924
4,35,453,0,0,0,16,26,391,1,0,93
45,258,9951,0,6,11,101,502,3394,55,0,1643
3,50,1036,0,0,0,9,18,568,0,0,155
6,61,1542,0,5,0,12,28,564,5,0,87
7,35,1591,0,2,0,33,27,799,6,0,350
3,282,5659,0,1,0,9,129,2770,7,0,589
6,31,651,0,0,0,8,72,433,0,0,135
37,452,18631,1,101,5,132,690,5276,16,0,8628
7,75,2548,0,0,2,11,36,933,1,0,244
5,2,316,0,0,0,21,12,594,0,0,25
0,62,2302,0,0,1,3,57,535,0,0,157
5,49,1047,0,2,1,14,89,729,0,0,165
18,150,3485,0,0,3,22,59,1323,0,0,391
11,45,1954,2,0,1,20,47,698,5,0,561
62,408,25071,6,340,15,97,687,6512,30,0,3647
66,451,39016,3,146,13,109,1296,15562,38,0,4245
3,18,191,0,0,0,32,26,307,2,0,43
8,49,612,0,0,0,9,36,271,0,0,85
2,14,291,0,0,0,14,68,314,0,0,81
9,97,4904,1,3,3,21,98,2714,11,0,857
7,114,3218,0,24,7,14,60,1116,6,0,646
16,161,11404,2,1,0,41,166,2682,13,0,1785
23,186,6240,0,0,3,42,193,4567,8,0,554
3,18,5306,0,0,36,4,0,5523,0,0,5661
0,14,5921,0,2,19,6,0,2983,0,0,2781
0,31,6105,0,11,25,7,0,4784,1,0,3126
0,6,1565,0,2,5,0,0,1700,0,0,467
0,26,3474,0,5,28,5,0,3957,2,0,1923
6,71,17147,0,27,81,15,1,13514,0,0,12203
1,6,2339,0,0,15,1,0,2440,0,0,1245
17,54,26633,0,36,107,35,5,21572,0,0,15134
1,23,5401,0,0,4,0,0,3760,0,0,2577
1,1,997,0,0,2,0,0,1305,0,0,330
0,1,1006,0,0,0,0,0,1183,0,0,328
2,5,1533,0,0,3,0,0,1528,0,0,343
9,31,17371,0,6,54,7,0,14689,0,0,8844
0,9,1553,0,1,10,2,0,1860,0,0,795
3,121,17632,0,45,157,1,3,11570,0,0,16071
3,20,7731,0,4,32,18,0,8151,12,0,5612
0,20,3419,0,0,4,2,0,3438,0,0,1029
2,51,16276,0,37,41,25,3,12312,9,0,3079
0,1,540,0,0,3,1,0,552,0,0,66
1,15,1522,0,6,5,1,1,1557,0,0,552
0,59,4495,0,8,17,0,0,4620,0,0,1966
3,103,7219,0,15,10,23,0,5347,5,0,11209
4,228,35376,0,101,259,4,4,19611,3,0,19213
2,45,7089,0,5,9,8,0,6278,10,0,3934
2,20,4803,0,9,8,2,0,2958,3,0,867
4,6,1298,0,0,0,0,0,1703,0,0,504
0,15,1559,0,0,0,0,0,2495,0,0,760
0,7,1031,0,0,1,0,0,1072,0,0,232
3,3,4568,0,0,9,9,0,5490,0,0,2106
3,64,19954,0,7,31,3,1,7026,0,0,5244
0,0,210,0,0,0,0,0,384,0,0,41
0,1,936,0,0,3,2,0,1260,0,0,213
3,6,6780,1,0,10,3,0,6370,0,0,549
0,2,646,0,0,0,0,0,619,0,0,238
0,15,11533,0,7,11,1,1,10634,0,0,2133
3,16,4930,0,17,18,8,0,3774,0,0,1708
3,34,7295,0,2,17,4,1,5494,0,0,4293
0,1,927,0,1,3,1,0,1260,0,0,177
4986,8348,723206,287,3024,1367,8052,221,206678,1083,0,183712
0,19,1181,0,0,1,2,0,1532,0,0,253
1,5,1097,0,0,4,0,0,1375,0,0,162
0,6,931,0,0,1,0,1,1702,0,0,133
0,59,5505,0,0,10,0,0,5786,0,0,3162
10,24,10855,0,7,32,9,1,4830,0,0,4506
1,14,5917,0,0,5,6,0,6599,0,0,1152
5,29,10259,0,0,30,5,0,9259,4,0,1559
4,9,4805,0,0,9,3,0,4500,0,0,3655
3,16,8032,0,3,14,4,0,7501,0,0,2333
0,2,652,0,0,1,0,0,1087,0,0,173
7,45,10105,0,6,120,25,1,8219,0,0,6633
5,17,5412,0,5,168,5,0,2874,0,0,5145
0,9,1727,0,0,1,1,0,1442,0,0,372
8,136,37277,0,86,188,25,4,24319,7,0,11267
0,6,2142,0,0,1,0,0,1703,0,0,938
3,27,4628,0,4,6,7,3,3844,1,0,1310
0,0,189,0,0,0,0,0,516,0,0,28
0,0,1063,0,0,6,0,0,1138,0,0,414
2,21,4131,0,0,15,0,0,3817,0,0,1601
5,21,4424,0,6,21,1,1,3880,0,0,1209
0,4,1701,0,0,0,0,0,2104,0,0,636
0,0,692,0,1,8,0,0,1115,0,0,65
2,1,1046,0,1,2,3,0,1281,0,0,155
4,112,29281,0,43,140,5,0,15986,0,0,28634
2,11,3193,1,1,8,0,0,3408,0,0,403
0,30,2572,0,2,8,2,0,3071,0,0,350
5,30,9501,0,6,82,10,0,6958,1,0,7388
9,1779,96761,0,395,121,36,22,33019,1,0,35681
0,16,2251,0,2,3,1,0,2941,0,0,1351
2,10,2340,0,0,1,1,0,2322,0,0,320
20,197,41507,0,22,183,41,2,17107,10,0,25088
3,3,867,0,0,2,0,0,1298,0,0,174
0,3,1613,0,0,2,1,0,1681,0,0,185
1,71,21806,0,24,156,1,0,16608,0,0,24945
2,7,5167,0,0,10,1,0,4655,0,0,347
1,2,1000,0,5,0,2,0,962,0,0,309
1,5,445,0,0,3,1,0,643,0,0,70
3,36,8869,0,2,13,11,0,8686,0,0,2594
9,26,10522,0,5,10,2,1,8483,0,0,2850
3,8,2808,0,11,133,1,0,2655,0,0,1770
3,11,817,0,0,0,0,0,1072,0,0,362
0,1,740,0,0,1,1,0,923,0,0,147
2,33,8106,0,19,87,15,1,5441,5,0,6227
19,74,17925,0,31,60,34,5,10127,2,0,14664
1,20,2526,0,0,3,1,0,2914,0,0,1294
6,61,11086,0,13,33,5,0,9214,0,0,4785
2,6,3860,0,0,27,2,0,4286,0,0,846
2,17,3250,0,7,41,1,2,3168,0,0,2219
4,23,5046,0,11,7,2,0,4563,0,0,2108
0,1,411,0,0,1,0,0,265,0,0,172
0,9,2115,0,0,3,1,0,2048,0,0,698
1,26,7285,0,18,3,1,0,7702,0,0,2639
1,10,2510,0,0,6,2,0,2973,0,0,816
27,196,58590,0,81,236,83,7,40416,7,0,27044
2,44,9694,0,6,31,3,0,7316,0,0,4606
0,14,2380,0,0,6,3,0,1784,0,0,822
1,16,3716,0,6,9,3,0,3656,1,0,3177
52,525,141036,1,172,227,86,4,38305,35,0,59966
86,1456,194380,0,682,276,192,36,70969,7,0,64704
1,1,1451,0,4,50,1,0,2215,0,0,251
6,67,5277,0,3,25,6,0,7076,0,0,1503
111,1072,145026,0,585,110,125,35,46690,4,0,62201
0,5,1705,0,0,1,1,0,1685,0,0,548
1,7,1478,1,1,11,1,0,1462,0,0,312
0,3,1159,0,0,3,0,0,1443,0,0,343
2,13,5954,0,1,26,3,0,6435,0,0,2620
0,1,986,0,0,7,0,0,989,0,0,248
0,9,1541,0,2,4,5,0,1170,0,0,284
2,48,6893,0,5,60,11,0,4993,0,0,5237
1,4,3603,1,4,18,0,0,3847,0,0,1347
1,27,4539,0,0,4,1,0,4012,0,0,1162
2,5,3075,0,1,22,3,0,2739,0,0,475
0,4,1927,0,7,1,5,0,2182,0,0,376
1,11,3140,0,3,44,8,0,3640,0,0,823
1,16,4626,0,1,13,2,0,3709,0,0,2516
1,4,1003,0,0,1,2,0,1231,0,0,304
0,6,4193,0,1,5,3,1,3729,0,0,1139
1,2,1458,0,0,1,3,0,1605,0,0,159
3,26,7709,0,4,6,2,0,6565,1,0,4830
1,25,6970,0,26,41,0,0,5689,0,0,3594
205,3356,642049,0,1415,872,507,55,174320,23,0,129682
2,25,7962,0,6,116,5,0,5197,0,0,6406
0,3,834,0,1,15,0,0,1270,0,0,284
0,10,3539,0,7,12,2,0,3892,0,0,2348
8,94,19797,0,23,34,8,0,16142,0,0,27320
2,7,7305,1,0,7,13,0,7385,1,0,2340
0,814,11095,0,0,0,0,0,7424,0,0,496
8,161,45092,0,23,0,0,0,9847,0,0,12150
0,455,10179,0,51,0,0,0,5479,0,0,552
0,84,3363,0,0,0,0,17,1909,0,0,189
0,2083,31933,0,8,0,0,1,8952,0,0,3514
0,227,2987,0,0,0,0,0,841,0,0,543
0,420,3090,0,6,0,0,0,1475,0,0,453
0,49,2649,0,0,0,0,75,2228,0,0,703
0,165,15062,0,256,0,0,3,3535,0,0,2508
0,78,12617,0,76,0,0,0,4914,0,0,869
0,124,17892,0,0,0,0,0,4795,0,0,6664
0,82,11149,0,4,0,0,0,2550,0,0,1173
0,2176,306659,0,508,0,0,11,40414,0,28,46224
18,2431,30852,0,132,0,0,4,13270,0,0,1866
0,101,5112,0,36,0,0,0,2598,0,0,953
0,77,8817,0,0,0,0,0,3047,0,0,905
0,23,2851,0,39,0,0,0,685,0,0,517
0,146,17438,0,0,0,0,0,4226,0,0,2223
0,414,10327,0,0,0,0,0,4732,0,0,2947
7,1440,174781,0,543,0,0,0,31209,0,0,30573
0,270,4790,0,0,0,0,33,4334,0,0,392
0,12,4809,0,96,0,0,6,4324,0,0,951
0,89,12140,0,681,0,0,0,3075,0,0,3765
21,1026,70708,0,850,0,0,0,9014,0,0,16120
21,1774,159251,0,5804,0,0,0,35145,0,0,44729
0,201,5634,0,0,0,0,0,2283,0,0,392
0,57,3623,0,0,0,0,0,570,0,0,630
0,112,10583,0,0,0,0,0,3259,0,0,3169
0,93,65662,0,418,0,0,0,11790,7,0,25138
0,90,10653,0,0,0,0,0,2192,0,0,3161
3,934,184181,0,1739,0,0,13,39075,7,0,95614
0,326,3535,0,3,0,0,12,1702,0,0,474
0,8742,950255,0,7642,0,0,7,195043,0,0,189313
0,34,1150,0,8,0,0,0,337,0,0,140
0,384,33747,0,136,0,0,0,5449,0,0,8879
0,196,9370,0,31,0,0,0,3543,0,0,1272
85,1947,178363,0,529,0,0,1,29309,0,3,23558
0,23,2574,0,0,0,0,0,946,0,0,647
5,1084,223857,0,1356,0,0,1,44243,0,0,55893
0,663,8351,0,0,0,0,0,4132,0,0,1180
0,32,574,0,0,0,0,9,370,0,0,105
21,2015,30078,0,135,0,0,3,13442,0,0,2306
0,489,6483,0,0,0,0,0,2601,0,0,1272
0,220,8207,0,7,0,0,0,1603,0,0,2679
5,754,29907,0,165,0,0,10,10182,0,0,1912
0,104,7521,0,39,0,0,0,1580,0,0,2412
5,927,11251,0,52,0,0,0,6098,0,0,733
24,840,15264,0,0,0,0,0,5908,0,0,1019
0,102,1909,0,0,0,0,0,1012,0,0,210
0,55,4013,0,42,0,0,0,1693,0,0,634
5,2274,55730,0,74,0,0,1,16852,0,1,7494
0,420,4286,0,0,0,0,0,1611,0,0,894
0,169,18903,0,564,0,0,0,3629,0,0,7081
146,3734,145123,0,0,0,0,1,23969,0,0,16813
0,36,4276,0,1,0,0,0,2384,0,0,684
0,389,4604,0,0,0,0,0,2076,0,0,307
414,4719,575420,0,6096,0,0,19,79807,151,29,87384
0,8343,745044,0,6807,0,0,75,134485,7,0,179340
0,21,12590,0,18,0,0,0,3145,0,0,5918
0,575,120766,0,2539,0,0,1,20001,0,0,30611
0,7,3714,0,0,0,0,0,1400,0,0,434
0,1104,19686,0,0,0,0,1,4878,0,0,3448
0,375,3931,0,0,0,0,0,2176,0,0,450
0,531,7447,0,0,0,0,1,2556,0,0,333
0,96,18917,0,12,0,0,0,9219,0,0,1867
0,12,888,0,0,0,0,14,433,0,0,181
0,611,14883,0,29,0,0,0,4994,0,0,3084
0,170,6368,0,303,0,0,0,2609,0,0,833
0,15,2167,0,0,0,0,0,474,0,0,550
2,645,105141,0,754,0,0,5,21159,0,0,30978
0,195,5364,0,1,0,0,0,2544,0,0,342
0,53,2771,0,0,0,0,0,540,0,0,522
8,150,6197,0,0,0,0,0,1304,0,0,1228
2,1448,16242,0,22,0,0,0,7456,0,0,808
0,76,10002,0,1,0,0,0,3371,0,0,1580
0,828,31677,0,6,0,0,1,7010,0,0,9025
0,34,1126,0,0,0,0,0,387,0,0,145
0,54,1086,0,0,0,0,7,520,0,0,334
0,86,4113,0,0,0,0,0,1611,0,0,317
0,91,3253,0,0,0,0,6,1998,0,0,442
0,1183,247137,0,518,0,0,1,45817,0,0,48731
8,868,12553,0,27,0,0,149,6241,0,0,6738
0,54,4625,0,13,0,0,0,378,0,0,1208
0,154,9044,0,59,0,0,0,2832,0,0,1889
0,853,12045,0,8,0,0,0,7772,0,0,10018
0,220,5605,0,0,0,0,13,3529,0,0,597
0,1059,17555,0,84,0,0,0,9948,0,0,2461
2,1685,18319,0,47,0,0,0,7564,0,0,4775
0,19,2821,0,4,0,0,0,1034,0,0,591
0,1031,16274,0,133,0,0,0,6950,0,2,2034
0,58,27084,0,200,0,0,0,7298,0,0,8167
0,208,27745,0,431,0,0,0,6759,0,0,5979
0,40,9414,0,0,0,0,0,2909,0,0,2083
2,86,3738,0,45,0,0,0,1538,0,0,399
0,204,33422,0,218,0,0,0,8321,0,0,7504
0,29,9217,0,42,0,0,0,3596,0,0,2458
0,181,3312,0,0,0,0,73,1831,0,0,175
0,60,1305,0,0,0,0,0,347,0,0,299
0,2349,129840,0,1896,0,0,6,28702,0,0,30880
0,72,13570,0,2,0,0,1,3600,0,0,4559
0,1386,20223,0,34,0,0,0,6466,0,0,4628
0,158,4622,0,0,0,0,0,2219,0,0,202
0,454,14477,0,64,0,0,0,2459,0,0,2285
500,4468,498116,0,4541,0,0,12,86707,412,1,81801
0,19,2216,0,0,0,0,53,1971,0,0,414
4967,15678,448596,0,3896,0,0,104,93133,309,78,64866
0,112,3096,0,0,0,0,0,1949,0,0,486
0,321,57900,0,819,0,0,1,9106,0,0,20063
0,2279,207121,0,890,0,0,0,35521,0,0,53187
8,2033,20788,0,25,0,0,101,6178,26,0,5722
0,655,4871,0,0,0,0,0,1875,0,0,309
0,335,9450,0,3,0,0,0,3626,0,0,1624
0,328,6914,0,0,0,0,10,7845,0,0,781
0,1499,12881,0,0,0,0,0,3857,0,0,622
0,868,13157,0,0,0,0,0,5311,0,0,1672
0,9,918,0,0,0,0,16,535,0,0,58
0,60,1452,0,0,0,0,14,1081,0,0,90
97,1684,47308,0,47,0,0,0,11263,13,0,5665
0,241,1149,0,0,0,0,0,838,0,0,151
0,683,75939,0,1181,0,0,0,18566,0,0,21053
285,3590,331117,0,2285,0,0,1,49442,183,0,52364
0,730,114355,0,503,0,0,0,24466,0,0,49904
0,22,6408,0,0,0,0,40,3301,0,0,297
0,569,6422,0,0,0,0,0,2453,0,0,589
0,23,3627,0,0,0,0,0,995,0,0,1203
0,11,1619,0,0,1,0,15,2231,1,0,761
0,5,1255,0,0,0,0,0,1967,0,0,108
12,99,21451,0,2,34,0,18,12677,21,3,5436
0,7,1434,0,1,8,1,0,2123,0,0,566
0,19,1295,0,0,1,2,1,1167,0,0,188
5,1648,18565,2,6,7,4,220,14253,2,0,11225
3,32,12144,0,0,36,0,3,9834,4,11,3786
0,10,1137,0,1,0,0,3,1873,0,0,368
1,56,5630,0,0,3,3,17,6593,0,0,4875
2,28,3743,0,0,1,0,13,3405,0,0,1607
0,20,3242,0,2,26,1,3,2567,0,0,1140
0,67,5581,0,0,3,0,1,6969,0,0,646
0,20,1104,0,0,0,0,4,1341,0,0,1344
12,64,11881,1,0,6,6,1,12936,0,0,622
2,22,2648,0,0,1,0,3,3243,0,0,1154
1,18,3910,0,0,3,1,2,3888,0,0,2205
0,12,1842,0,0,12,0,4,2265,0,0,608
1,3,2390,0,0,1,0,3,2133,0,0,1308
0,42,3671,0,0,1,0,7,3597,0,0,5552
0,52,2805,0,1,5,1,23,3021,0,0,1487
0,2,640,0,0,3,0,1,719,0,0,41
1,13,2526,0,3,3,3,12,2332,0,0,647
0,6,2067,0,1,18,0,2,2191,0,0,1773
3,53,1880,1,0,2,2,21,1797,0,0,164
0,71,5020,0,0,25,0,10,3515,0,0,1107
0,0,509,0,0,0,1,0,795,0,0,239
0,0,570,0,0,0,0,0,879,0,0,533
0,3,2689,0,1,4,0,1,1939,0,0,824
0,8,742,0,0,1,0,5,1227,0,0,88
0,14,1655,0,1,43,0,1,1679,0,0,518
0,39,3983,0,0,21,0,1,3603,0,0,489
0,8,1474,0,1,4,0,7,1264,0,0,423
0,48,2059,0,0,3,0,7,2617,0,0,919
5,233,18806,1,9,20,7,171,15829,7,2,6556
1,95,1760,0,0,0,3,46,2268,0,0,329
0,30,2037,0,0,6,1,5,1357,1,0,2510
0,11,1627,0,0,0,1,0,1960,0,0,972
4,293,12804,1,0,4,5,106,11258,0,1,4011
0,11,1146,0,0,3,0,1,1117,0,0,269
0,8,1753,0,0,2,0,6,1985,0,0,1179
0,15,2117,1,0,4,0,1,1932,0,0,693
0,9,1461,0,0,1,1,0,1596,1,0,1302
2,76,12290,0,2,192,0,6,9160,19,0,9024
1,13,3232,0,2,1,6,1,2388,0,0,2185
0,110,9155,1,1,8,2,26,5691,0,0,6165
0,63,5294,0,0,52,2,8,5555,0,0,1210
0,15,3533,0,0,0,0,1,3391,0,0,1366
0,5,497,0,0,0,0,1,536,0,0,167
1,6,1310,0,0,0,0,3,2320,0,0,370
26,511,17423,0,4,82,16,246,18692,0,0,3146
1,59,9191,0,1,28,2,19,7845,0,0,1339
173,1639,39043,2,3,72,474,129,13574,9,0,21842
1883,9339,261773,42,271,251,3311,3772,92400,607,4,63853
1,6,1189,0,0,2,0,0,1513,0,0,486
1,366,4711,0,0,6,0,29,4380,0,0,954
0,30,1014,0,0,0,0,2,1127,0,0,97
0,24,7806,0,1,7,3,2,4693,2,3,3006
12,82,5653,0,1,10,1,6,5045,0,0,3523
0,4,884,0,0,0,0,0,1239,0,0,675
0,5,2150,0,0,11,1,2,2191,0,0,840
14,76,18571,0,1,94,2,3,14030,0,3,4271
1,7,2469,0,0,5,1,0,2659,0,0,1225
0,9,2332,0,1,8,0,0,2256,0,0,1217
0,13,2216,0,0,5,1,1,3169,0,0,549
2,187,5161,0,0,23,2,29,2895,0,0,1199
4,615,13132,1,1,11,3,328,7525,0,0,5991
0,4,2379,0,1,8,1,0,2981,0,0,794
0,9,4404,0,0,3,2,0,5939,1,0,925
33,533,40638,0,62,114,4,135,26034,0,0,7996
1,30,3779,0,0,6,0,2,2614,0,0,4179
4,104,9470,0,11,10,0,26,8780,0,1,7613
0,15,4140,0,1,8,0,7,4027,0,0,916
0,62,3735,0,0,11,0,21,3000,0,0,3168
0,9,2753,0,0,6,0,0,2575,0,0,1950
2,89,9016,0,1,123,0,61,8350,132,0,7953
11,378,27472,2,3,28,10,51,17443,0,0,21463
0,11,3862,0,0,29,0,6,2834,0,0,1205
1,11,4397,0,0,3,0,1,2957,1,1,1513
0,19,2925,0,0,2,1,4,4671,0,0,699
13,7,3897,0,0,10,0,3,2940,0,0,904
0,15,8578,0,0,17,0,0,4611,0,1,2954
2,307,7871,0,0,11,1,87,9877,4,0,3849
2,7,4278,0,0,11,0,1,6363,0,0,343
1,13,1947,0,0,5,0,1,2967,2,0,1781
0,139,6859,0,0,218,1,11,5795,0,0,4409
0,15,2723,0,0,120,0,1,2798,0,0,1366
8,100,3185,0,0,3,1,12,2773,0,0,2040
7,44,7867,0,0,6,1,12,4342,0,0,5409
0,43,2847,0,0,0,4,6,3133,0,0,212
0,6,2795,0,0,0,0,4,2285,0,0,797
0,3,2012,0,0,8,0,0,2652,0,0,739
0,20,2842,0,0,0,0,9,2203,0,0,1102
0,37,3215,0,1,1,0,10,4021,0,0,456
1,4,2787,2,0,1,0,0,2413,0,0,1677
0,8,2047,0,0,7,0,0,1916,0,0,1242
0,5,935,0,0,2,0,0,1083,0,0,222
3,32,1563,0,0,1,0,2,2655,0,0,2015
0,57,4254,0,0,1,0,23,3860,2,0,2031
0,4,2417,0,0,1,0,1,2494,0,0,395
3,20,2603,0,0,4,0,5,1954,3,0,1072
19,40,8164,0,0,1,0,8,4983,0,0,2032
32,3982,64670,2,48,116,8,456,37920,1,1,22465
0,8,6602,0,0,7,0,1,5136,0,0,3376
0,15,2724,0,0,1,0,1,2870,0,0,1325
1,4,2998,0,0,17,0,2,2698,0,0,670
0,42,4653,0,5,59,0,5,4227,0,0,3829
0,161,16954,0,6,18,0,87,10202,11,0,6941
8,1122,51939,1,230,420,4,205,27661,2,0,38604
0,4,1916,0,0,7,1,0,1134,0,0,564
0,122,8735,0,2,19,2,63,8441,0,0,1397
0,114,7779,0,0,1,5,6,5329,0,0,3465
59,1664,82967,0,4,189,3,308,59087,43,17,24942
1,31,3929,0,1,11,0,7,4724,0,0,1461
0,92,760,0,15,4,2,5,161,0,0,402
0,22,7965,0,13,9,0,3,1570,0,0,1827
0,47,2500,0,10,21,0,3,1582,0,0,399
0,88,8544,0,67,84,0,12,3092,0,0,5050
0,93,580,0,2,8,1,2,170,0,0,213
1,5399,63937,0,2031,326,51,720,12328,0,0,23346
127,4562,417378,8,936,542,799,489,31760,44,0,55321
1,362,39323,0,17,52,6,40,3161,0,0,9037
0,108,4608,0,6,6,0,11,722,0,0,463
0,47,2140,0,14,14,0,2,1106,0,0,622
5,1369,132421,1,229,153,1036,216,12593,3,0,25630
0,174,21029,0,135,70,1,39,2593,1,0,6241
0,28,5023,0,2,26,0,2,1541,0,0,1203
0,75,944,0,4,2,6,0,262,0,0,280
0,84,1557,0,0,7,4,2,559,2,0,507
0,65,1088,0,30,7,0,19,927,0,0,267
0,193,8314,0,36,38,3,18,1551,2,0,3002
54,563,41327,0,66,50,145,59,3489,9,0,9864
0,53,1705,0,9,15,0,14,1084,0,0,304
0,273,7267,0,40,18,0,22,1609,0,0,2198
0,46,571,0,1,0,0,1,85,0,0,184
0,38,1060,0,32,13,0,1,874,0,0,181
0,9,528,0,16,2,0,3,514,0,0,94
1,49,5716,0,70,52,1,9,1452,0,0,3038
0,35,3157,0,23,21,1,12,890,0,0,2003
0,21,2747,0,27,14,1,2,787,0,0,776
0,13,733,0,18,9,0,5,471,0,0,229
0,296,32034,0,48,41,1,28,2481,0,0,9074
0,344,45358,0,77,163,3,54,4713,0,1,11331
0,77,5089,0,76,65,0,12,2297,0,0,4042
0,99,7749,0,80,36,0,24,1422,0,0,3703
0,45,1048,0,1,7,0,2,555,0,0,186
1,58,1243,1,3,9,1,1,713,0,0,358
0,7,35,0,2,0,0,0,13,0,0,60
0,2,163,0,0,1,0,0,40,0,0,668
0,1,19,0,0,0,0,0,6,0,0,4
0,180,5363,0,13,9,0,8,6383,0,0,1454
0,69,2632,0,0,5,0,0,3036,0,0,1223
0,18,1691,0,0,1,0,1,2490,0,0,556
0,524,14735,0,55,53,0,6,15032,0,0,5739
0,20,171,0,1,0,0,1,393,0,0,0
0,226,7088,0,56,18,0,3,5840,0,0,4640
0,52,1459,0,1,10,0,4,1887,0,0,849
0,507,10482,0,41,13,0,12,6614,0,0,3029
0,3,118,0,2,1,0,0,299,0,0,0
0,120,2936,0,0,7,0,1,4886,0,0,742
0,107,2649,0,9,4,0,2,4309,0,0,1707
0,134,4767,0,0,21,0,2,7823,0,0,2941
0,27,1201,0,0,9,0,1,1675,0,0,365
0,133,3165,0,0,18,0,2,3639,0,0,994
0,470,9325,0,0,114,0,4,11125,0,0,3916
0,121,4874,0,0,6,0,5,8136,0,0,3148
0,5973,164242,0,694,574,0,462,88098,0,0,44014
0,145,4423,0,0,11,0,2,4893,0,0,3615
0,4,120,0,0,0,0,0,229,0,0,0
0,980,33501,0,132,76,0,63,16201,0,0,19076
9,0,751,1,0,3,8,0,282,1,0,54
0,0,733,0,0,0,1,0,899,0,0,14
1,0,149,0,0,0,0,0,175,0,0,7
3,39,14305,0,4,39,1,4,7229,0,0,1374
8,1,2085,0,0,5,4,0,1651,0,0,35
50,1979,202235,1,2938,293,149,87,38598,39,0,26847
1,8,1369,0,0,1,1,0,844,0,0,110
1,0,594,1,0,2,1,0,306,0,0,16
57,423,31364,0,76,75,46,15,11039,23,0,4735
6,55,9352,0,135,13,17,0,1834,12,0,2517
0,3,1931,0,0,9,0,1,1775,0,0,89
15,156,10811,0,115,42,1,6,2676,0,0,1827
0,4,2051,0,0,2,1,0,1973,0,0,69
0,18,5045,0,1,6,4,0,4126,0,0,1388
3,1,279,0,0,0,0,0,400,0,0,5
4,2,824,0,0,4,2,0,472,0,0,67
2,21,4468,0,1,13,9,0,3355,0,0,167
13,615,58962,1,418,70,41,14,9833,9,0,11498
426,1190,103405,1,308,131,333,7,20917,57,0,4187
0,0,972,0,0,5,0,0,929,0,0,14
20,1293,116023,0,1554,110,56,57,26309,13,0,15437
1,27,3262,0,0,9,0,0,2330,0,0,147
1,0,275,0,0,0,0,0,290,0,0,16
2,1,342,0,0,1,1,0,292,0,0,17
14,130,12642,0,15,23,27,4,2351,9,0,2558
113,4217,248750,0,1645,255,92,140,55951,24,0,21397
0,0,342,0,0,0,0,0,376,0,0,16
3,1,393,0,0,0,1,0,193,0,0,21
0,11,1396,0,0,1,0,0,728,0,0,114
1,1,384,0,0,0,3,0,265,0,0,13
29,801,77464,0,561,57,44,18,14041,3,0,15047
1,3,674,0,0,1,0,0,532,0,0,10
12,120,14854,0,35,48,37,1,6176,20,0,1083
2,3,1584,2,0,4,4,0,612,0,0,163
4,0,351,0,0,0,3,0,247,0,0,10
1,0,328,0,0,0,4,0,471,0,0,42
1,8,1115,0,0,0,1,0,559,0,0,76
6,211,18218,0,9,39,13,1,7171,0,0,1799
1606,8851,476389,28,5639,679,2233,209,117697,480,0,45032
0,0,192,0,0,1,1,0,152,0,0,5
76,66,15979,0,263,22,53,2,3187,17,0,4227
0,0,1012,0,0,1,0,0,1186,0,0,54
0,1,215,0,0,0,2,0,234,0,0,28
0,11,8511,0,2,15,9,0,4486,0,0,318
22,116,13061,0,300,17,11,17,4133,7,0,2201
73,3427,187659,0,1930,251,99,134,44226,6,0,12121
5,34,4515,0,133,0,2,0,1901,0,0,218
49,1996,89333,0,727,94,33,191,20481,9,0,10114
35,103,22776,0,67,23,58,15,7254,12,0,2565
1,0,277,0,0,3,0,0,269,0,0,6
7,0,914,0,1,0,3,0,438,0,0,49
0,0,57,0,2,0,0,0,89,0,0,12
0,149,1348,0,111,13,9,37,1303,0,1,1086
0,1,61,0,0,0,0,1,104,0,0,9
0,9,46,0,0,0,0,7,38,0,0,31
0,80,1970,0,1,9,0,13,1165,0,178,722
17,254,2630,0,2,1,10,35,2173,0,0,971
0,1,176,0,3,2,0,8,442,0,6,75
0,0,7,0,0,0,0,1,31,0,0,2
0,22,96,0,0,0,0,7,255,0,31,96
6,96,2583,3,1,9,78,23,1256,0,0,1460
0,2,30,0,0,0,0,0,34,0,0,3
0,28,213,0,0,1,0,36,276,0,0,484
7,14,647,0,1,1,0,1,677,0,69,329
0,152,4779,30,23,17,9,32,2442,0,8,2930
0,0,178,0,0,0,0,13,579,0,0,221
0,0,196,0,0,0,0,0,339,0,0,11
0,4,138,0,0,0,0,14,519,0,0,105
0,0,12,0,0,0,0,0,43,0,0,1
0,9,106,0,0,0,1,2,186,0,0,35
0,8,157,0,0,0,0,1,171,0,0,100
0,43,1546,0,0,1,0,8,773,0,111,1709
0,1,33,0,0,0,0,1,29,0,0,4
0,179,3997,0,0,3,0,5,2179,0,360,3423
0,9,81,0,0,0,0,0,84,0,0,12
0,53,457,0,0,5,2,8,709,0,334,715
7,145,602,0,1,1,2,35,596,0,0,48
0,0,24,0,0,0,0,0,49,0,0,10
6,61,3140,0,0,10,1,97,4014,0,159,1968
0,12,87,0,0,0,0,4,60,0,0,15
0,71,2221,0,2,13,1,8,856,0,2,508
0,24,436,0,0,0,0,5,537,0,0,43
0,4,26,0,0,0,0,2,35,0,0,4
0,49,865,0,0,5,0,12,490,0,2,488
0,31,86,0,0,0,0,7,138,0,0,14
0,7,124,0,0,0,0,1,87,0,0,61
0,12,56,0,3,2,0,3,148,0,0,41
0,29,168,0,0,0,0,10,193,0,0,27
0,15,59,0,0,0,0,2,70,0,0,10
3,1289,14940,0,45,26,43,171,8568,0,0,10992
0,5,84,0,0,0,0,4,50,0,0,19
8,218,1560,0,0,0,0,55,1047,0,0,406
1,45,817,0,1,2,0,7,788,0,21,453
1,427,10752,69,41,48,14,147,6325,0,1725,6113
0,97,2803,0,20,15,12,18,1960,0,1,9035
0,100,1545,0,0,0,5,8,737,0,24,638
0,29,174,0,2,0,0,28,298,0,0,19
0,0,6,0,0,0,0,0,24,0,0,0
0,0,18,0,0,0,0,0,99,0,0,8
0,5,53,0,0,0,0,2,69,0,0,38
0,24,107,0,0,0,0,5,179,0,0,27
0,39,455,0,0,0,0,4,870,0,0,34
0,31,517,0,0,2,0,9,466,0,36,94
0,10,160,0,0,1,0,2,92,0,0,53
0,4,36,0,0,0,0,5,51,0,0,7
0,24,177,0,0,1,0,18,218,0,0,26
0,7,7,0,0,2,0,16,17,0,0,10
0,234,4627,15,21,10,31,128,3085,0,131,5072
0,2,137,0,2,1,0,8,142,0,0,33
33,276,7290,0,42,27,53,121,6164,0,19,5244
0,0,54,0,0,0,0,1,100,0,0,6
1,4,284,0,1,2,4,15,398,0,8,167
0,6,56,0,0,0,0,0,59,0,0,25
0,46,1005,0,0,3,0,6,378,0,20,590
0,17,699,0,0,3,0,13,848,0,17,81
0,24,104,0,0,0,0,1,115,0,0,7
0,34,277,0,0,0,0,11,287,0,83,47
340,2177,129394,483,1175,389,380,642,59758,1,1948,64158
4,94,3923,2,3,14,14,69,3105,0,293,2585
0,2,114,0,0,0,0,11,167,0,0,42
0,34,158,0,0,0,0,20,128,0,0,126
0,25,122,0,0,0,0,8,122,0,0,159
7,61,663,0,1,8,0,23,1198,0,103,355
1,261,2560,1,3,2,11,68,2298,0,0,1218
0,0,2,0,0,0,0,0,19,0,0,10
0,10,134,0,0,0,0,1,143,0,4,68
0,28,75,0,0,0,0,1,148,0,0,39
0,52,638,0,0,0,0,2,442,0,58,562
0,44,254,0,0,1,0,0,148,0,0,112
13,909,21643,10,81,178,283,154,8201,0,5,5716
0,0,78,0,0,1,0,10,261,0,0,44
0,4,137,0,0,0,0,4,154,0,0,14
0,10,45,0,0,2,0,39,105,0,0,97
47,119,2132,0,0,5,7,13,1139,0,122,1575
0,73,1231,0,0,0,0,2,347,0,1,376
0,27,299,0,0,1,0,23,426,0,0,267
0,11,79,0,0,0,0,0,53,0,0,12
0,54,1146,0,0,2,0,57,1079,0,112,538
0,10,73,0,0,0,0,0,158,0,0,19
0,19,142,0,1,0,0,12,126,0,0,54
1,51,200,0,1,0,0,24,212,0,0,330
2,76,2188,0,3,2,1,8,668,0,1,804
0,15,223,0,1,1,0,5,254,0,0,122
0,1,20,0,0,0,0,1,39,0,0,3
0,4,70,0,0,0,0,6,58,0,0,13
0,14,161,0,0,1,0,17,242,0,0,54
0,5,113,0,0,0,0,3,103,0,0,17
0,0,31,0,0,0,0,0,68,0,0,7
0,0,19,0,0,0,0,6,79,0,0,39
0,0,2,0,0,0,0,0,6,0,0,2
0,0,13,0,0,0,0,0,9,0,0,1
0,4,66,0,0,0,0,1,147,0,1,10
0,89,649,0,0,0,0,2,277,0,44,519
0,23,681,0,0,0,0,1,1318,0,200,594
0,5,62,0,2,0,1,1,181,0,0,45
0,7,152,0,0,1,0,31,455,0,0,22
0,0,15,0,0,0,0,0,32,0,0,8
1,156,5119,5,15,22,3,37,2855,0,224,4389
0,0,43,0,3,1,0,0,186,0,0,29
0,14,122,0,0,0,0,3,80,0,0,185
0,8,35,0,0,0,0,0,34,0,0,2
0,0,21,0,0,0,0,18,50,0,0,17
0,20,172,0,0,1,0,3,286,0,0,145
0,3,47,0,0,0,0,0,139,0,0,72
0,0,40,0,0,0,0,0,38,0,0,5
0,197,2861,0,0,8,0,4,2272,0,87,1100
0,8,53,0,0,0,0,2,29,0,0,9
0,2,25,0,0,1,0,2,62,0,0,41
0,10,158,0,0,3,0,4,457,0,12,53
0,3,12,0,0,0,0,0,6,0,0,3
0,0,16,0,0,0,0,0,15,0,0,0
0,0,37,0,0,1,0,1,81,0,0,9
0,0,35,0,0,0,0,0,81,0,0,4
0,17,194,1,0,2,0,3,328,0,0,64
0,75,822,0,0,2,0,13,720,0,251,880
0,3,236,0,3,1,0,6,678,0,0,77
0,14,79,0,1,0,0,7,118,0,12,52
0,7,25,0,0,0,0,0,24,0,0,23
0,6,45,0,0,0,0,2,86,0,0,8
0,1,60,0,0,0,0,0,51,0,0,15
0,24,89,0,3,4,0,3,192,0,33,52
0,95,660,0,0,2,0,16,1311,0,36,167
0,13,221,0,0,1,0,2,179,0,1,64
0,6,76,0,0,1,0,0,92,0,0,5
0,115,435,0,0,0,1,81,378,0,0,577
0,40,532,1,7,1,0,5,497,0,65,595
0,0,139,0,9,1,0,8,287,0,0,69
0,0,102,1,0,1,0,0,120,0,0,27
0,5,18,0,0,0,0,0,55,0,0,2
0,1,18,0,0,0,0,0,56,0,0,11
0,3,39,0,0,0,0,5,52,0,0,27
0,11,124,0,2,3,0,10,149,0,12,70
0,0,27,0,0,0,0,0,19,0,0,2
0,34,359,0,0,0,0,29,295,0,18,93
0,8,45,0,0,0,0,5,61,0,0,7
0,61,1198,0,0,1,3,2,741,0,31,493
0,0,14,0,0,0,0,1,75,0,0,78
0,0,10,0,0,0,0,0,18,0,0,1
0,0,58,0,1,1,0,0,70,0,0,8
0,0,140,0,0,0,0,0,122,0,37,91
2,125,1414,10,1,8,9,3,861,0,132,563
0,0,9,0,0,0,0,0,24,0,0,4
0,1,49,0,0,0,0,0,75,0,0,13
1,21,244,0,0,1,0,14,352,0,37,484
0,10,65,0,0,1,1,3,184,0,0,35
0,0,25,0,0,0,0,0,51,0,2,44
0,12,162,0,0,0,3,3,155,0,3,23
1,144,5300,0,19,12,9,20,1989,0,162,2506
0,2,74,0,0,0,0,0,209,0,0,22
0,6,105,0,0,1,0,15,363,0,0,231
0,17,135,0,1,0,0,4,154,0,0,92
0,1,100,0,0,1,0,3,84,0,0,32
0,3,36,0,1,0,0,7,94,0,1,53
0,0,83,0,0,0,0,4,60,0,0,9
2,1,86,0,2,0,0,0,181,0,0,9
0,15,63,0,0,0,0,0,43,0,0,9
0,18,357,0,3,0,0,30,432,0,56,559
0,7,48,0,0,0,0,3,170,0,0,27
0,3,8,0,0,0,0,0,6,0,0,6
0,0,10,0,0,0,0,0,9,0,0,31
0,0,17,0,0,1,0,4,164,0,0,41
0,8,269,0,1,0,1,7,181,0,0,55
0,4,52,0,0,0,0,0,22,0,0,9
0,0,59,0,1,0,0,0,123,0,0,32
0,72,1301,0,0,0,0,12,587,0,1,672
0,5,23,0,3,1,0,0,120,0,0,14
0,6,217,0,0,0,0,1,276,0,0,56
2,73,805,0,1,1,0,32,812,0,49,775
1,119,1309,0,0,2,0,7,613,0,70,1603
0,7,38,0,2,1,0,0,104,0,0,4
0,8,26,0,0,0,0,12,23,0,0,5
0,3,14,0,0,0,0,0,17,0,0,5
0,0,14,0,0,0,0,0,38,0,0,15
0,1,12,0,0,0,0,1,38,0,0,0
44,874,15486,3,341,102,332,198,9041,0,17,27823
0,81,320,0,0,0,0,84,259,0,0,174
0,0,10,0,0,0,0,0,23,0,1,2
0,0,32,0,0,0,0,11,32,0,0,17
0,37,101,0,0,0,0,36,141,0,0,164
0,3,41,0,0,0,0,2,75,0,0,6
11,118,971,0,0,1,3,51,1291,0,26,426
0,1,22,0,0,0,0,4,33,0,0,14
0,27,326,0,0,0,0,6,150,0,8,143
0,37,310,0,0,1,0,2,356,0,20,114
0,7,103,0,1,1,0,4,267,0,0,21
0,11,13,0,0,0,0,8,37,0,0,0
0,1,46,0,0,1,0,2,60,0,0,13
0,25,264,1,0,0,0,5,370,0,28,157
0,63,789,0,0,4,0,231,1084,0,0,773
0,0,11,0,0,0,0,0,18,0,0,5
0,2,41,0,0,0,0,0,114,0,0,14
0,0,37,0,0,1,0,0,67,0,0,14
0,6,102,0,0,0,0,16,172,0,8,315
0,0,76,0,0,1,0,1,361,0,0,126
0,0,33,0,0,0,0,2,61,0,0,5
0,18,93,0,1,3,0,19,244,0,0,52
0,10,110,0,0,0,0,8,142,0,0,95
0,14,273,0,1,0,0,52,696,0,0,115
1,26,325,0,0,2,0,6,437,0,0,23
0,0,21,0,0,3,0,0,48,0,0,7
0,27,190,0,0,0,0,1,181,0,0,9
0,0,67,0,0,2,0,0,100,0,0,12
0,0,7,0,0,0,0,0,40,0,0,2
0,25,163,0,0,1,0,20,438,0,20,59
0,0,59,0,3,0,0,0,194,0,0,18
0,14,67,0,0,0,0,10,85,0,0,21
0,0,20,0,0,0,0,0,20,0,0,3
0,4,77,0,0,0,0,2,107,0,0,8
0,0,5,0,0,0,0,0,17,0,0,0
0,28,159,0,0,0,0,0,228,0,1,96
0,0,22,0,0,2,0,0,117,0,0,10
0,26,126,0,0,0,0,0,111,0,0,33
0,0,8,0,0,0,0,0,43,0,0,7
0,0,7,0,0,0,0,0,13,0,0,0
0,1,96,0,0,1,0,3,69,0,0,11
0,5,58,0,0,0,0,29,101,0,0,134
0,18,214,0,1,0,0,8,351,0,0,35
0,122,3976,0,0,9,4,12,2730,0,154,2067
0,0,18,0,0,0,0,0,4,0,0,1
0,4,169,0,0,0,0,0,340,0,0,44
0,0,24,0,0,0,0,0,44,0,0,8
0,0,8,0,0,0,0,0,48,0,0,1
0,42,196,0,0,0,0,129,400,0,0,333
0,2,102,0,3,0,0,1,251,0,0,22
0,0,80,0,0,0,0,0,82,0,0,19
0,4,138,0,0,0,0,13,290,0,0,125
0,0,14,0,0,2,0,1,42,0,0,7
0,10,159,0,0,0,0,2,140,0,0,46
0,6,39,0,0,0,0,3,69,0,0,27
0,12,68,0,0,0,0,0,89,0,0,13
0,3,52,0,0,0,0,0,70,0,0,17
0,3,58,0,0,0,0,2,119,0,0,8
0,28,350,0,0,0,0,6,781,0,0,23
0,12,285,0,0,0,0,3,229,0,2,75
0,10,212,0,0,0,0,8,170,0,11,140
0,4,57,0,0,0,0,1,80,0,0,7
0,3,24,0,0,0,0,4,34,0,0,3
0,9,287,0,0,1,0,0,164,0,0,105
2,34,156,1,6,4,0,20,137,0,0,220
0,13,86,0,0,0,0,8,107,0,0,39
0,6,45,0,0,0,0,4,72,0,0,33
0,0,1,0,0,0,0,0,10,0,0,0
0,12,39,0,0,0,0,2,51,0,0,9
0,1,26,0,2,0,0,3,63,0,0,66
0,9,301,0,0,2,0,10,320,0,13,60
0,10,33,0,0,0,0,4,105,0,0,6
0,0,5,0,0,0,0,0,17,0,0,2
0,1,16,0,0,0,0,0,29,0,0,9
0,2,20,0,0,0,0,0,25,0,0,2
0,0,10,0,0,0,0,0,35,0,0,5
0,2,98,0,3,0,2,2,421,0,0,21
0,11,138,0,1,2,0,14,209,0,0,55
0,1,80,0,0,1,0,3,171,0,0,22
0,6,119,0,0,2,0,7,138,0,13,53
0,7,78,0,0,0,0,3,152,0,0,8
0,13,82,0,0,0,0,28,133,0,0,29
0,51,270,0,0,1,0,40,340,0,0,499
0,0,18,0,1,0,0,0,27,0,0,6
0,5,163,0,0,0,0,0,200,0,0,104
0,112,338,0,0,1,1,3,321,0,0,27
0,6,26,0,0,0,0,3,29,0,0,4
0,13,65,1,0,1,0,3,290,0,0,46
0,33,117,0,0,1,0,22,272,0,31,168
0,0,47,0,1,1,0,0,287,0,0,40
0,0,5,0,0,0,0,0,46,0,0,10
0,10,77,0,0,0,0,5,244,0,0,21
0,0,8,0,0,0,0,1,16,0,0,1
0,13,766,0,0,1,0,20,1167,0,98,577
0,80,438,0,1,5,0,33,555,0,0,533
0,27,218,0,0,0,5,15,268,0,0,36
0,0,89,1,0,1,0,0,105,0,0,17
0,3,42,0,0,1,0,1,36,0,0,10
0,0,16,1,1,0,0,0,64,0,0,8
0,0,24,0,0,0,0,0,58,0,0,9
0,30,66,0,0,0,0,8,142,0,0,190
2,11,43,0,0,0,0,14,93,0,0,97
0,46,217,0,0,0,0,4,175,0,0,42
0,0,10,0,0,0,0,1,44,0,0,5
0,0,10,0,0,0,0,0,18,0,0,1
0,0,42,0,0,0,0,11,103,0,0,8
0,5,42,0,0,0,0,1,45,0,0,6
0,9,108,0,0,2,1,0,314,0,1,74
0,0,29,0,0,0,0,0,120,0,0,6
11,112,4446,0,0,8,9,11,2025,0,112,1869
6,81,953,0,3,0,8,4,603,0,69,423
0,58,1784,2,0,2,2,7,1308,0,289,617
0,0,39,0,4,0,0,0,101,0,0,14
0,20,45,0,0,0,0,0,49,0,0,3
0,150,1516,0,1,10,1,19,1422,0,102,396
0,13,57,0,0,0,0,10,62,0,0,9
0,58,113,0,0,0,0,26,89,0,0,31
8,18,231,0,4,1,2,3,277,0,10,82
0,41,66,0,0,0,0,15,97,0,0,47
0,5,73,0,0,0,0,2,88,0,0,9
0,2,30,0,0,1,0,3,39,0,0,17
0,22,596,0,8,0,0,0,272,0,89,291
0,2,55,0,0,1,0,7,107,0,0,27
0,75,421,0,0,0,0,3,335,0,12,186
0,11,161,0,0,2,1,2,74,0,0,111
0,28,177,0,0,0,0,28,180,0,0,111
0,124,1491,0,2,4,5,12,914,0,45,1760
0,0,3,0,0,1,0,0,14,0,0,1
0,44,151,0,0,1,0,51,176,0,0,155
0,0,12,0,0,1,0,0,53,0,0,20
0,2,91,0,0,0,0,1,179,0,21,22
0,18,83,0,0,0,0,3,286,0,0,49
0,1,14,0,0,1,0,0,45,0,0,11
0,8,71,0,0,0,0,1,97,0,0,32
49,418,8141,1,54,18,6,109,5440,0,230,13965
0,0,37,0,0,0,0,0,30,0,0,15
0,3,25,0,0,0,0,0,24,0,0,3
0,1,7,0,0,1,0,1,64,0,0,20
0,0,16,0,0,0,0,0,19,0,0,4
0,2,14,0,0,0,0,2,36,0,0,4
0,431,4363,9,4,11,3,144,3325,0,4,8198
0,31,403,1,5,1,0,16,902,0,0,71
0,4,40,0,1,1,0,0,190,0,0,27
0,103,942,0,0,2,8,19,973,0,180,1077
0,0,11,0,1,0,0,0,76,0,0,49
0,7,19,0,0,0,0,3,33,0,0,2
0,0,37,0,0,0,0,13,98,0,0,61
0,1,27,0,0,1,0,4,33,0,0,7
0,0,13,0,0,0,0,1,19,0,0,10
0,9,349,0,0,7,1,2,488,0,1,91
17,238,2125,0,15,15,5,75,2639,0,757,2347
0,0,19,0,2,1,0,0,75,0,0,23
0,0,25,0,0,0,2,1,290,0,0,13
0,80,348,0,0,0,0,3,353,0,0,52
0,143,3303,0,0,1,1,15,1669,0,306,1577
9,39,660,0,0,0,1,7,427,0,11,185
0,10,70,0,0,0,0,2,77,0,0,25
0,0,28,0,0,0,0,1,22,0,0,5
0,58,811,0,0,3,0,0,339,0,12,493
0,36,169,0,0,0,0,0,147,0,8,72
0,4,125,0,0,1,0,5,231,0,0,90
0,28,85,0,0,0,0,24,107,0,0,35
0,2,48,0,0,0,0,9,173,0,0,10
0,13,221,0,0,1,0,14,284,0,0,25
0,76,603,0,0,0,3,26,748,0,0,115
0,63,196,0,0,2,0,0,144,0,0,65
4,200,5857,0,24,9,1,17,1995,0,4,2782
0,5,186,0,0,2,0,18,309,0,35,39
0,1,66,0,1,1,0,6,114,0,0,29
0,0,137,0,0,0,0,6,208,0,0,42
0,0,3,0,0,0,0,0,9,0,0,0
0,0,15,0,0,0,0,0,25,0,0,3
0,4,269,0,2,2,0,0,296,0,11,165
0,1,32,0,0,1,0,0,52,0,0,3
0,21,216,0,0,0,0,1,253,0,0,55
0,1,18,0,1,0,0,1,98,0,0,4
0,19,265,2,1,2,0,10,306,0,43,275
0,0,3,0,0,2,0,0,29,0,0,11
0,18,196,0,0,1,2,2,153,0,0,97
0,28,339,0,0,0,0,11,484,0,0,73
49,126,1119,0,2,2,26,71,1274,0,19,1159
1,0,53,0,0,0,0,2,154,0,0,29
0,0,88,0,1,1,0,0,106,0,0,55
0,12,30,0,0,0,0,22,59,0,0,116
0,7,155,0,1,1,0,9,171,0,24,118
0,10,239,0,0,0,0,0,223,0,0,118
0,5,36,0,0,2,0,0,41,0,0,19
0,14,49,0,0,0,0,1,35,0,0,0
0,16,48,0,0,0,0,1,48,0,0,3
0,0,8,0,0,0,0,0,11,0,0,2
0,0,23,0,0,1,0,0,18,0,0,6
5,127,3373,0,2,3,15,24,1310,0,2,2392
0,3,15,0,0,0,0,1,26,0,0,1
0,58,262,0,1,1,1,6,451,0,0,60
0,24,243,0,0,1,0,3,361,0,0,101
0,23,113,0,0,0,0,1,150,0,0,16
0,31,132,0,0,5,0,1,138,0,0,78
0,46,133,0,0,0,4,7,214,0,0,27
0,3,18,0,0,0,0,0,17,0,0,3
0,19,55,0,0,0,0,2,53,0,0,61
0,40,144,0,0,0,0,5,395,0,0,75
5,896,25225,0,30,28,19,118,10199,0,1076,18032
0,3,270,1,0,0,0,1,696,0,0,78
0,24,510,0,0,1,0,4,487,0,43,200
0,2,121,0,0,0,0,0,238,0,0,150
0,0,34,0,0,0,0,0,78,0,8,73
5,329,14538,0,15,89,9,100,6656,0,9,8299
0,18,61,0,0,2,0,3,90,0,0,31
0,20,82,0,0,1,0,0,110,0,0,22
0,44,142,0,0,0,0,11,418,0,2,57
0,5,61,0,0,1,0,0,78,0,0,16
0,2,29,0,0,0,0,1,23,0,0,8
0,1,47,0,0,0,0,1,28,0,0,8
66,693,5696,0,2,14,33,56,4516,0,65,2187
0,46,398,0,0,2,0,2,670,0,33,88
0,317,7801,0,0,3,8,62,3363,0,21,5275
0,22,87,0,0,0,0,7,110,0,0,24
7,203,2214,3,5,9,2,75,1853,0,3,4117
0,3,15,0,0,0,0,3,7,0,0,1
0,40,985,0,0,6,3,1,1821,0,23,692
0,0,59,0,1,0,0,2,116,0,0,30
0,11,186,0,0,0,8,8,217,0,3,43
0,14,346,0,0,0,0,2,327,0,0,82
0,24,111,0,0,0,0,12,178,0,0,48
0,5,35,0,0,0,0,0,24,0,0,11
4,215,3243,0,0,2,21,2,1159,0,1,1094
0,0,34,0,3,2,0,1,250,0,0,14
0,33,84,0,0,0,0,0,68,0,2,71
0,10,74,0,0,0,0,12,167,0,0,54
131,784,8702,29,44,34,43,106,4312,0,1,11488
1,43,216,0,1,0,0,48,325,0,0,460
0,63,74,0,0,0,0,19,142,0,0,39
0,0,5,0,0,0,0,0,31,0,0,1
0,17,219,0,0,0,0,6,375,0,0,242
2,26,1266,0,0,2,0,13,833,0,202,299
0,10,71,0,0,1,0,0,112,0,0,27
0,0,23,0,0,0,1,1,85,0,0,7
0,51,485,0,0,3,0,0,272,0,60,412
0,0,39,0,0,0,0,0,50,0,0,5
0,0,31,0,0,0,0,2,32,0,0,3
0,2,80,0,0,3,0,8,145,0,0,31
0,0,70,0,0,1,0,2,103,0,0,13
0,3,111,0,2,0,0,1,268,0,0,59
0,20,637,0,5,1,0,25,433,0,0,1528
0,0,11,0,0,0,1,0,113,0,0,10
0,1,66,0,1,1,0,2,99,0,0,43
0,1,6,0,0,0,0,0,26,0,0,1
0,7,82,0,0,0,0,17,120,0,39,45
0,0,20,0,0,0,0,0,25,0,0,2
0,9,106,0,0,0,0,14,116,0,0,66
0,0,108,0,0,0,0,0,101,0,0,16
0,0,107,0,0,0,0,0,106,0,0,16
0,0,6,0,0,2,0,3,24,0,0,11
0,50,345,0,0,7,0,8,448,0,0,64
0,0,30,0,0,0,0,3,68,0,0,14
1,262,1613,0,1,0,1,47,1662,0,22,2911
0,0,14,0,0,1,0,0,74,0,0,24
0,12,188,0,2,4,0,9,196,0,0,207
0,0,8,0,2,0,0,0,35,0,0,1
0,0,36,0,1,0,0,1,61,0,0,26
0,0,22,0,0,0,0,2,42,0,0,7
0,12,38,0,0,0,0,0,62,0,0,3
0,16,213,0,0,1,1,12,243,0,0,17
0,212,468,0,0,0,1,64,801,0,0,138
0,3,2,0,0,0,0,4,43,0,0,3
0,5,209,0,0,0,0,1,450,0,0,43
0,1,89,0,0,1,0,0,208,0,0,39
0,0,21,0,0,0,0,2,36,0,0,5
0,27,183,0,6,5,0,11,346,0,97,204
0,49,184,0,0,0,0,6,130,0,0,117
0,1,43,0,0,0,0,0,69,0,0,8
0,14,78,0,0,0,0,8,91,0,0,31
0,19,138,0,0,0,0,4,87,0,0,41
0,0,22,0,0,0,0,1,68,0,0,20
0,0,86,0,1,0,0,2,139,0,0,17
0,14,186,0,0,0,0,6,213,0,0,65
0,5,33,0,0,0,0,3,87,0,0,13
0,3,30,0,0,0,0,0,83,0,0,4
0,61,406,0,0,0,1,26,351,0,0,231
0,2,21,0,0,1,0,0,19,0,0,3
0,0,16,0,0,0,0,0,49,0,0,6
0,0,8,0,0,1,0,0,46,0,0,8
0,12,152,0,0,1,0,39,258,0,0,133
140,85,701,0,1,5,18,68,897,0,1,997
0,11,75,0,1,0,0,16,224,0,1,63
0,256,2160,0,0,1,1,13,2238,0,1,365
0,8,48,0,0,0,0,4,141,0,0,32
0,0,7,0,0,0,0,0,14,0,0,3
0,7,289,0,1,3,0,2,187,0,43,244
0,0,52,0,0,0,0,1,58,0,0,5
1,13,45,0,1,0,0,5,56,0,1,23
3,87,1371,2,0,4,4,2,1975,0,52,270
0,0,13,0,0,0,0,0,5,0,0,5
0,1,48,0,0,0,0,0,138,0,0,6
0,11,47,0,0,0,0,0,84,0,0,8
0,0,5,0,0,0,0,1,5,0,0,2
0,0,12,0,0,0,0,0,38,0,0,56
0,8,45,0,1,0,0,3,61,0,0,7
20,367,3060,0,46,15,5,235,2475,0,3,3209
2,100,1086,0,0,1,2,1,688,0,178,700
0,28,129,0,0,1,0,4,148,0,0,32
1,3,23,0,0,0,0,8,23,0,0,3
0,29,211,0,0,0,0,0,247,0,4,60
0,17,100,0,0,0,0,3,96,0,0,20
0,0,6,0,0,0,0,0,14,0,0,0
0,1,33,0,0,1,0,13,141,0,0,289
0,0,90,0,0,0,0,0,125,0,0,17
0,0,46,0,0,0,0,0,250,0,0,21
0,21,85,0,0,1,0,4,124,0,0,19
0,3,53,0,0,0,0,4,51,0,0,17
0,6,89,0,4,3,0,13,598,0,1,62
0,0,13,0,0,1,0,10,73,0,0,17
0,14,178,0,0,2,0,0,163,0,0,63
0,31,218,0,0,0,0,26,408,0,72,75
0,22,132,0,0,0,0,8,321,0,0,41
0,21,230,0,0,0,0,5,214,0,17,44
0,69,283,10,0,3,0,8,336,0,0,70
0,4,42,0,0,0,0,1,72,0,0,3
0,4,56,0,0,0,0,1,76,0,0,9
0,0,10,0,0,0,0,0,31,0,0,3
0,8,64,0,1,0,1,2,364,0,0,12
0,37,552,1,7,3,0,6,313,0,38,102
0,1,48,0,0,1,0,0,53,0,0,8
0,6,17,0,0,0,0,20,30,0,0,7
0,4,174,0,2,3,0,1,69,0,7,130
0,25,286,0,0,0,0,34,481,0,0,488
0,5,23,0,0,0,0,1,26,0,0,0
0,8,76,0,2,1,0,0,90,0,0,22
0,0,32,0,0,1,0,0,72,0,0,10
0,9,218,0,3,0,0,32,296,0,45,769
0,0,8,0,0,0,0,0,16,0,0,0
5,524,9565,3,23,35,7,46,4715,0,892,4616
0,3,117,0,0,1,0,1,360,0,0,44
0,15,354,0,0,2,0,1,481,0,0,41
0,0,10,0,0,0,0,0,31,0,0,3
0,46,429,0,0,0,0,2,369,0,0,245
0,26,486,0,0,0,3,7,620,0,0,90
0,1,7,0,0,0,0,0,23,0,0,6
0,1,14,0,0,0,0,8,37,0,0,2
0,5,178,0,0,1,0,7,146,0,0,30
0,0,23,0,2,0,0,1,49,0,0,2
1,105,502,0,0,1,0,13,537,0,20,355
0,66,524,0,0,0,0,33,665,0,162,1324
0,3,17,0,0,1,0,3,65,0,0,23
0,5,85,0,0,0,0,1,124,0,0,5
0,0,13,0,0,0,0,0,26,0,0,5
1,12,220,1,5,2,0,3,310,0,8,130
0,35,202,0,0,1,0,1,215,0,0,337
0,36,72,0,0,0,0,3,98,0,0,11
2,30,390,0,0,0,2,1,254,0,0,235
0,11,146,0,0,0,0,20,491,0,0,35
0,0,49,0,0,1,0,1,155,0,1,17
0,2,12,0,0,0,0,2,24,0,0,8
0,75,363,0,0,0,0,2,466,0,0,47
0,2,43,0,0,0,0,1,52,0,0,43
0,82,1169,0,0,0,0,1,549,0,6,797
1,50,1078,0,0,2,2,5,759,0,142,363
0,2,23,0,0,0,0,1,66,0,0,10
0,0,37,0,0,0,0,2,83,0,0,37
0,5,68,0,1,0,0,11,159,0,0,76
0,4,74,0,4,0,0,0,234,0,0,17
22,55,1448,0,3,2,0,33,847,0,86,666
1,22,967,0,3,1,4,1,898,0,51,194
0,4,64,0,0,1,0,0,110,0,0,51
0,0,63,0,0,0,0,3,120,0,0,15
1,88,699,0,2,3,1,64,823,0,0,152
0,83,673,1,9,2,1,0,495,0,94,252
5,186,6081,1,0,12,22,52,4078,0,460,2946
0,0,16,0,0,0,0,0,30,0,0,13
1,127,3192,0,2,43,1,9,2991,0,155,1458
0,24,107,0,0,0,0,0,171,0,0,34
0,64,343,0,0,2,0,2,232,0,2,238
0,0,19,0,0,0,0,0,50,0,0,16
0,44,1280,0,2,1,1,4,646,0,273,434
0,15,82,0,0,0,0,11,73,0,0,79
22,11,802,0,1,0,1,75,1355,0,93,920
0,15,380,0,7,0,1,5,695,0,10,150
0,14,45,0,1,1,0,7,118,0,0,102
0,11,95,0,0,1,0,5,100,0,0,40
0,0,76,0,0,0,0,5,225,0,0,14
0,4,12,0,0,0,0,2,29,0,0,12
0,555,6235,1,45,16,4,43,3698,0,662,4843
0,0,76,0,0,0,0,0,114,0,0,19
0,4,17,0,0,0,1,1,25,0,0,1
0,31,168,0,0,0,0,1,197,0,0,57
0,28,82,0,0,0,0,5,63,0,0,6
1,119,3268,0,0,5,7,13,2737,0,361,2031
1,156,3626,0,87,4,26,83,3275,2,0,443
3,10,206,0,0,0,6,0,262,0,0,112
8,319,3917,1,7,1,9,12,2171,6,0,866
2,163,2861,0,11,6,22,49,2760,0,0,264
0,20,12,0,0,0,1,0,48,0,0,1
7,35,158,2,0,0,8,0,136,0,0,50
0,3,58,0,0,0,4,0,219,0,0,104
5,20,593,0,6,0,3,748,325,0,0,43
1,25,228,0,2,0,0,0,155,0,0,17
2,52,1338,1,28,10,36,4,1286,2,0,874
1,6,36,0,0,0,2,0,30,0,0,0
0,16,376,0,1,0,6,0,543,0,0,40
1,90,726,0,45,2,7,1,687,0,0,415
0,11,52,0,0,0,2,0,44,0,0,20
21,189,9261,0,203,3,27,194,3406,22,0,3082
2,12,461,0,1,0,6,3,390,0,0,93
1,93,1555,0,5,0,4,1,1250,6,0,455
0,1,131,0,0,0,1,0,191,0,0,36
81,608,20113,0,183,24,145,56,7962,52,0,15954
0,33,569,0,3,8,3,11,592,0,0,43
0,5,117,0,0,0,0,0,106,0,0,100
0,34,224,0,1,1,7,0,478,0,0,224
2,3,263,0,0,1,2,6,534,0,0,34
0,9,112,0,0,0,2,0,84,0,0,7
0,14,292,0,28,0,5,0,272,0,0,216
1,51,613,0,19,1,9,1,815,5,0,397
0,1,49,0,0,0,8,1,91,0,0,43
1,1,18,0,0,0,4,0,15,0,0,5
0,0,82,0,6,0,2,0,42,0,0,29
1,3,16,0,0,0,1,1,21,0,0,4
0,12,169,0,0,0,1,0,262,0,0,42
1,2,33,0,0,1,4,0,38,0,0,1
1,23,101,0,0,0,10,0,192,0,0,31
24,282,7261,0,125,13,22,288,2510,14,0,2831
2,38,887,0,0,0,14,0,490,0,0,337
0,2,89,0,1,0,13,0,207,0,0,26
1,3,205,0,0,0,8,0,195,1,0,24
2,18,568,0,0,2,3,10,774,0,0,70
2,18,304,0,1,0,1,0,108,0,0,159
1,49,508,0,20,5,9,0,502,2,0,178
77,792,39087,0,101,39,81,304,5899,32,0,7948
0,1,109,0,1,0,0,0,151,0,0,18
9,106,1331,0,77,0,29,7,712,5,0,864
0,41,881,0,0,22,0,7,665,0,0,66
10,116,3784,0,4,7,18,18,2311,2,0,1601
0,12,275,0,0,0,4,0,195,0,0,73
0,79,1560,0,1,0,9,5,1026,0,0,354
2,49,813,0,26,2,8,5,1010,6,0,278
4,20,41,0,0,0,9,0,81,0,0,21
2,3,101,0,0,0,8,0,99,0,0,9
1,111,2760,0,1,4,7,1,1796,0,0,1430
1,4,48,0,0,0,2,0,18,0,0,6
4,228,3388,0,7,13,12,206,2083,9,0,543
1,108,1500,0,1,2,10,8,1346,7,0,1509
3,6,529,0,0,0,10,4,470,1,0,53
0,11,40,0,0,0,0,0,56,0,0,4
0,21,53,0,0,0,3,38,91,0,0,5
7,25,172,2,0,0,18,0,221,0,0,11
1,20,241,0,0,0,3,4,151,0,0,20
1,21,265,0,1,3,4,0,416,5,0,191
0,2,34,0,0,0,0,0,40,0,0,14
1,23,289,0,0,0,0,0,267,4,0,285
0,56,962,0,0,3,3,5,668,0,0,208
2,11,119,0,8,1,5,3,142,0,0,33
3,80,449,0,25,1,7,10,636,0,0,40
0,38,548,0,7,0,4,2,475,0,0,53
2,23,758,0,10,1,2,7,516,0,0,56
1,22,34,0,0,0,4,0,39,0,0,26
3,74,1096,0,0,0,19,0,1446,4,0,759
3,8,213,0,0,0,5,2,385,0,0,43
9,557,8492,1,300,7,77,324,2369,12,0,2704
7,21,187,2,10,0,11,0,83,0,0,53
1,42,257,0,0,0,3,1,285,0,0,54
14,322,8267,4,159,23,59,90,3925,5,0,3000
4,25,267,0,0,0,9,0,201,3,0,188
3,105,1094,0,12,0,18,2,899,0,0,567
1,1,33,0,0,0,2,0,20,0,0,9
1,6,115,0,2,0,0,0,213,0,0,128
0,27,444,0,0,0,1,1,294,0,0,55
2,2,11,0,0,0,2,0,12,0,0,10
0,11,51,0,0,0,2,0,50,0,0,2
0,21,877,0,0,0,3,3,621,0,0,95
10,50,457,0,3,1,4,0,720,0,0,42
2,3,65,0,0,0,6,0,51,0,0,33
20,348,8676,2,40,3,47,67,3921,49,0,11037
0,6,102,0,0,0,5,3,158,0,0,34
0,35,100,0,0,0,4,0,146,0,0,5
0,1,92,0,1,0,0,0,74,0,0,58
0,9,47,0,0,0,0,0,59,0,0,24
6,231,2781,2,22,7,16,34,931,0,0,844
2,46,966,0,2,0,6,0,182,0,0,221
0,18,138,0,0,1,1,0,333,0,0,23
1,1,167,0,0,0,4,2,203,0,0,5
11,96,2431,2,9,4,10,12,1470,8,0,626
1,1,37,0,0,0,2,0,72,0,0,13
1,19,159,0,0,0,1,1,140,0,0,19
0,15,271,0,0,1,3,0,142,0,0,29
0,37,509,0,0,0,13,1,501,4,0,43
2,31,1079,0,15,1,9,40,1441,0,0,116
2,3,65,0,4,0,7,4,82,0,0,7
0,25,106,0,0,0,2,0,74,1,0,29
2,67,771,0,0,5,8,6,1283,3,0,543
0,6,193,0,0,0,1,15,188,0,0,51
0,66,1072,0,0,9,8,6,642,3,0,177
0,31,279,0,0,0,5,0,227,0,0,17
16,169,2982,0,24,2,35,6,1939,0,0,1506
3,5,39,0,1,0,17,0,35,0,0,16
6,60,960,1,0,2,7,5,480,4,0,154
3,67,341,0,1,0,5,1,221,0,0,27
9,139,1329,0,9,2,14,3,1535,0,0,216
0,41,211,0,2,2,6,0,133,0,0,43
1,55,566,0,7,0,2,1,566,0,0,50
0,40,378,0,0,0,0,0,216,0,0,22
3103,11764,419523,169,4554,999,5860,3366,72172,695,0,90038
5,143,1717,0,15,2,13,19,2526,3,0,227
6,25,184,0,3,1,7,0,187,0,0,13
0,106,1396,0,6,2,2,22,587,0,0,161
1,95,1345,0,1,0,8,18,2066,0,0,145
142,735,51218,0,92,53,182,146,10195,38,0,8658
0,22,91,0,0,0,5,2,102,1,0,120
0,1,31,0,0,0,4,0,100,0,0,40
2,32,347,0,1,0,2,0,445,0,0,156
2,0,7,0,0,0,2,0,11,0,0,8
2,49,871,0,0,0,12,3,650,1,0,367
2,7,2198,0,21,1,3,12,1170,0,0,556
0,27,281,0,0,0,3,0,433,0,0,175
0,25,219,0,0,0,2,0,236,0,0,57
9,63,521,0,0,1,5,2,274,5,0,88
0,71,381,0,0,0,2,0,595,0,0,191
1,13,209,0,0,1,2,16,270,0,0,26
0,0,56,0,0,0,2,0,102,0,0,11
24,691,13540,2,59,35,168,197,4523,82,0,6553
0,3,34,0,0,0,3,0,44,0,0,25
4,49,785,0,7,0,3,9,532,0,0,385
1,0,14,0,0,0,2,0,31,0,0,4
41,19,1289,0,1,2,9,54,331,8,0,276
0,19,401,0,1,0,0,3,291,0,0,37
4,33,514,0,0,2,5,3,852,0,0,419
0,22,223,0,2,1,1,0,159,0,0,17
62,630,31731,0,184,23,186,158,7189,101,0,7091
1,25,288,0,0,1,1,0,183,0,0,31
1,34,1280,0,3,7,13,5,1152,4,0,170
5,50,1346,0,23,2,9,28,1023,0,0,652
0,170,1110,0,0,0,8,26,1195,13,0,130
0,0,22,0,1,0,11,0,31,2,0,17
0,1,31,0,0,1,0,0,24,0,0,12
0,9,253,0,0,0,2,1,234,0,0,47
2,40,843,0,1,1,7,1,1336,0,0,382
3,47,1009,0,0,3,18,26,599,0,0,1074
1,1,109,0,1,0,3,0,255,0,0,52
0,47,779,0,3,2,2,7,832,3,0,102
0,58,428,0,0,0,8,0,602,0,0,55
4,105,1699,0,23,0,15,74,1306,2,0,245
14,347,6675,5,8,19,52,70,3996,0,0,1190
5,78,360,0,12,1,4,5,265,0,0,29
67,1961,35447,6,108,75,193,580,13099,141,0,18113
1,54,826,0,9,1,2,2,581,0,0,118
1,15,208,0,2,0,4,1,194,0,0,174
0,9,39,0,12,0,2,0,217,0,0,56
1,0,63,0,0,0,2,0,77,0,0,1
0,60,1159,0,4,7,9,17,1237,0,0,438
1,1,26,0,0,0,1,0,57,0,0,7
0,64,680,0,1,0,4,10,654,2,0,163
27,286,7856,1,19,7,23,105,5446,3,0,1227
0,2,15,0,0,0,1,0,47,0,0,21
6,14,564,0,1,0,3,1,516,0,0,262
0,2,90,0,0,0,4,0,86,0,0,32
0,22,155,0,1,2,4,1,206,0,0,67
7,66,1339,3,5,2,16,11,1454,0,0,253
3,6,657,0,1,0,8,2,491,0,0,47
0,5,255,0,0,0,1,0,215,0,0,15
5,187,1650,0,8,2,9,0,969,2,0,606
0,49,875,0,0,0,3,4,258,4,0,92
24,717,13564,1,15,4,38,110,4175,17,0,3998
2,59,462,0,18,0,7,0,798,0,0,693
0,68,684,0,0,1,0,0,507,0,0,598
15,170,1927,0,7,1,12,62,2579,0,0,331
0,1,79,0,0,0,8,0,100,0,0,53
1,84,1232,0,5,2,0,4,859,0,0,156
14,93,1202,0,27,2,24,27,806,0,0,259
1,7,368,0,0,0,7,0,179,0,0,188
0,25,248,0,0,0,0,11,520,0,0,30
3,22,166,0,0,0,2,0,116,0,0,32
0,2,52,0,0,0,0,0,40,0,0,11
1,50,389,0,0,1,2,1,589,0,0,283
10,240,4326,0,28,6,28,11,2648,9,0,795
0,0,73,0,3,0,0,2,95,0,0,16
3,65,362,0,20,3,8,1,769,0,0,250
1,95,1174,0,0,8,4,2,1191,4,0,317
0,11,40,0,0,0,3,0,34,0,0,24
3,101,389,1,8,0,12,4,255,0,0,23
0,4,112,0,3,0,5,0,103,0,0,20
3,19,294,0,14,2,7,0,535,1,0,59
6,89,562,2,4,0,11,4,353,0,0,231
0,5,311,0,1,0,7,0,492,0,0,47
0,4,120,0,0,0,0,0,81,0,0,44
25,423,4101,4,20,3,19,117,1703,1,0,1441
0,0,28,0,0,0,2,0,30,0,0,3
5,217,1965,0,0,1,14,27,1993,0,0,531
0,12,116,0,0,0,1,1,71,0,0,32
0,18,141,0,0,0,2,0,246,0,0,86
2,41,188,0,2,0,10,0,203,0,0,105
1,38,193,0,0,0,0,0,242,4,0,76
0,106,471,0,6,0,4,0,196,2,0,110
3,110,1025,0,2,1,11,7,1765,0,0,432
0,0,199,0,0,0,1,1,381,0,0,64
16,349,4001,2,3,6,19,15,2402,15,0,966
19,344,6416,2,30,4,45,131,2636,14,0,2864
1,26,438,0,5,1,4,1,414,0,0,137
1,8,81,0,0,0,3,0,56,0,0,91
3,126,1908,0,0,0,7,8,886,0,0,191
2,82,662,0,2,1,15,0,769,0,0,88
0,16,99,0,0,0,0,0,137,0,0,34
3,58,769,0,0,2,4,8,649,2,0,464
2,3,55,0,10,0,1,0,49,0,0,3
2,0,68,0,0,1,2,0,41,0,0,51
1,7,152,0,4,1,37,1,261,0,0,47
11,175,9425,0,82,64,4,38,6743,4,0,1168
6,32,1668,0,6,1,3,18,1580,1,0,292
3,28,2003,0,0,0,16,9,1709,2,0,484
22,100,8893,0,19,17,31,64,8949,17,0,1397
40,128,8551,0,5,85,15,36,5539,4,0,1592
69,691,75570,1,25,63,28,111,16235,23,1,10008
22,96,7716,0,4,16,15,34,5601,2,0,2392
15,96,8207,0,15,12,18,10,5216,3,1,820
7,68,3776,0,9,2,10,24,2512,0,0,616
5,22,1871,0,1,1,5,6,1600,0,0,205
108,393,48642,0,27,113,13,124,15551,44,1,8273
14,122,11834,0,31,20,12,63,5860,7,0,2096
4,10,2062,0,0,1,11,7,2026,0,0,165
660,3944,353021,10,2207,474,385,1632,91155,261,13,57628
7,2,1013,0,8,2,16,33,1080,1,0,114
81,786,62157,2,511,77,46,274,22358,32,0,16992
31,287,13221,0,94,32,12,51,5978,8,0,3688
11,35,3274,0,23,2,5,6,2092,3,0,816
27,2353,26549,0,116,43,49,171,4929,116,964,51862
2,517,13872,0,0,18,1,67,5320,0,24,9629
14,1825,9720,0,24,5,32,121,2291,12,210,15087
99,2542,90093,1,127,184,365,412,31450,184,66,57356
219,17117,296556,1,1647,234,801,1845,54880,401,232,134512
1,187,8915,0,0,4,4,44,6509,2,0,6127
8,521,8177,0,20,7,17,82,2861,7,1,4133
85,5602,89476,0,191,231,172,558,18425,72,271,78487
14,1639,20563,0,2,31,39,307,6140,25,179,19909
7,217,7628,0,8,10,14,57,4745,13,1,6626
4,633,6857,0,4,8,10,253,1454,4,1,3645
3,29,3955,0,4,1,7,9,5931,0,0,1363
1,17,643,0,5,1,5,1,1763,0,0,393
3,37,1513,0,3,2,9,60,2785,2,0,3994
0,3,449,0,0,1,0,0,783,1,0,120
6,138,4236,0,8,8,13,5,3612,0,0,1683
0,48,952,0,0,1,2,5,1565,1,0,346
6,25,4538,6,14,20,16,14,4489,2,1,3029
5,38,4756,51,35,12,19,14,5085,0,1,2781
0,12,770,0,0,3,4,1,467,0,0,610
8,77,4792,0,17,9,13,6,6832,0,0,1461
5,186,9834,0,21,15,67,21,10643,9,0,12914
0,64,1700,0,2,0,10,56,1732,0,0,1160
33,1262,48363,107,247,45,215,76,25264,27,1,18459
1,12,726,0,4,1,4,15,956,1,0,864
4,30,4089,0,4,10,9,3,3748,1,0,1719
5,116,12462,0,4,23,30,30,7459,2,0,2713
0,4,2046,0,1,0,6,5,4619,0,0,390
0,19,1031,0,4,6,0,26,1134,4,0,789
0,8,721,0,0,0,1,1,1951,0,0,372
27,234,33095,55,69,24,168,42,19097,21,0,20607
8,48,8871,0,5,7,19,11,11581,6,1,13019
5,22,3270,0,2,4,8,15,6282,0,1,640
0,76,2880,0,6,2,13,12,4826,2,0,1122
24,526,23840,8,59,52,138,79,23858,13,0,24026
9,19,7833,0,3,4,16,6,9836,2,1,1527
1,3,356,0,1,0,4,6,372,1,0,684
6,39,2740,0,3,3,8,1,4458,0,0,1297
1951,5559,450058,647,1767,611,6350,608,137693,557,13,119724
0,6,924,0,11,3,2,16,1421,1,0,991
1,3,629,0,0,2,4,0,1567,0,0,144
0,5,425,0,2,0,2,15,1861,0,0,429
3,66,7382,1,18,8,42,70,8884,4,1,5391
2,0,993,1,3,0,3,14,2524,0,0,104
2,46,3550,0,1,4,1,2,3891,0,0,1833
117,1566,89245,58,175,79,753,80,27069,65,1,29228
4,110,3197,0,4,3,4,10,5850,1,0,3248
4,148,9664,3,84,88,23,292,8651,5,0,8009
0,9,952,0,5,2,1,18,855,2,0,982
1,14,827,0,3,2,3,14,938,0,0,888
2,93,6160,0,26,64,75,35,5649,7,0,3684
0,11,648,0,0,0,5,5,905,1,0,1427
0,21,2117,0,0,3,0,5,2379,0,0,777
2,20,1622,0,0,0,5,6,2336,0,0,567
0,12,758,0,0,6,0,2,1092,0,0,162
0,42,2254,0,1,0,2,36,3911,0,2,918
2,35,5787,0,0,1,6,51,7634,0,0,824
0,0,706,0,1,4,2,1,2346,1,0,512
1,22,1377,0,2,3,0,1,837,2,0,873
2,3,2594,4,4,3,14,2,6928,0,0,302
5,31,9479,3,14,6,72,11,9614,3,1,4106
1,21,2283,0,1,2,69,9,3315,0,0,470
0,6,1471,0,0,7,1,6,2966,0,0,1504
1,130,2959,0,51,7,11,57,2533,0,1,2367
3,68,3502,0,8,5,15,100,5214,3,0,2016
4,24,3488,1,11,1,38,3,3234,0,0,868
1,4,2728,0,0,3,12,10,4384,0,0,808
1,55,1543,0,4,9,4,107,1738,0,0,1078
5,97,4177,0,12,8,56,10,3960,0,0,963
0,1,75,0,0,0,0,0,15,0,0,9
70,604,145677,0,857,905,174,1377,63837,144,0,32029
0,12,12469,0,26,33,1,300,9698,0,0,672
1,0,4846,0,1,6,1,1,5797,1,0,416
4,13,4485,0,18,29,6,71,3590,0,0,1077
1,10,2889,0,2,14,10,39,3826,0,0,181
102,848,393344,1,1655,1285,816,3079,144848,348,0,57054
0,8,3138,0,24,23,8,44,4317,0,0,442
4,21,9386,0,102,99,6,338,7740,0,0,1441
1,45,11275,0,129,130,6,142,10481,6,0,1048
1,37,12831,0,81,195,10,314,10416,0,0,3225
34,122,66119,0,393,379,62,684,37681,2,0,7413
31,1853,160579,0,820,401,49,1535,51960,82,0,72864
1,1,4169,0,1,10,8,0,4728,0,0,156
2,61,9814,0,108,140,20,137,8802,0,0,2451
6,124,37314,0,137,98,7,465,24292,0,0,1816
0,6,3200,0,1,11,7,43,2639,0,0,477
6,11,10240,0,30,38,12,461,11231,0,0,442
12,54,33843,0,306,377,34,434,18589,8,0,13933
0,8,17885,0,72,71,0,143,12777,0,0,5269
0,6,9841,0,86,128,0,175,7876,0,0,1364
5,0,563,0,0,1,2,3,486,0,0,10
63,144,37906,1,39,187,44,64,16975,9,0,770
6,6,2225,1,10,31,11,36,2641,0,0,26
1,7,1905,0,1,8,0,6,1278,0,0,4
3,0,128,1,0,0,3,0,214,0,0,2
1,0,677,0,0,2,3,0,751,0,0,6
0,0,117,0,0,0,1,0,113,0,0,0
1,0,72,0,0,1,0,0,99,0,0,2
3,0,120,0,0,0,9,0,166,1,0,5
1,0,93,0,0,1,2,0,138,0,0,5
0,0,232,0,0,1,0,0,267,0,0,0
1,3,3399,0,8,10,11,85,2492,0,0,253
0,0,363,0,0,1,0,3,269,0,0,9
1,0,891,0,0,1,4,4,712,0,0,6
1,0,84,0,0,0,1,0,183,0,0,1
6,6,1174,0,0,0,5,0,529,1,0,12
64,155,45763,4,20,389,89,112,22840,3,0,551
215,779,188963,3,646,736,524,1238,80751,146,1,21429
12,51,24857,4,3,238,20,47,12313,4,0,284
0,0,740,0,0,1,1,0,607,0,0,11
0,0,67,0,0,0,0,1,30,0,0,4
0,0,195,0,0,7,4,0,340,0,0,1
0,0,982,0,0,2,0,1,874,0,0,4
1,0,134,0,0,0,1,0,96,0,0,2
7,82,19562,0,66,302,19,48,8978,0,0,845
3,5,6134,0,28,122,14,244,3782,0,0,112
0,0,2459,0,0,2,0,0,1651,0,0,39
0,0,141,0,0,1,1,0,175,0,0,8
66,376,60324,3,103,356,172,319,20837,56,0,2132
4888,1725,459991,291,762,1686,6903,1826,167136,512,0,27896
0,0,92,0,0,1,1,1,163,0,0,3
1,0,183,0,0,0,2,0,245,0,0,2
12,28,19007,4,46,178,10,285,10700,0,0,495
2,1,2127,0,1,9,3,2,1357,0,0,60
1,26,3740,0,0,41,9,6,2461,0,0,60
14,37,13881,1,69,156,22,8,7550,6,0,315
0,0,288,0,0,0,4,4,313,0,0,1
5,6,3754,0,1,3,9,3,2777,0,0,83
0,6,1976,0,0,3,0,2,991,0,0,9
1,0,134,1,0,0,3,0,193,0,0,3
3,19,7602,0,4,112,12,2,4935,0,0,111
17,90,55560,0,164,490,146,399,29296,6,0,2265
58,1544,150011,0,359,661,139,986,44856,29,0,4511
0,0,50,0,0,0,0,0,81,0,0,1
1,0,403,0,0,0,4,0,416,1,0,4
2,0,80,0,0,0,1,0,78,0,0,0
2,2,1221,0,1,6,1,2,832,0,0,12
15,199,35337,2,4,70,48,68,12842,2,0,547
1,0,237,0,0,0,3,2,370,0,0,24
0,0,310,0,0,0,0,0,372,0,0,2
1,0,626,0,0,0,1,19,698,0,0,16
2,2,1509,2,3,3,9,0,1530,0,0,25
1,0,49,0,0,0,1,0,31,0,0,1
1,0,85,0,0,1,0,1,196,0,0,0
169,839,95341,8,5,220,124,99,33632,22,0,2976
1,44,830,0,6,6,10,2,601,0,0,29
2,0,169,0,0,0,2,0,254,0,0,2
10,20,7708,1,0,26,14,23,3963,0,0,181
0,0,243,0,0,1,1,0,412,0,0,1
0,0,337,0,0,0,2,0,448,0,0,3
0,0,128,0,0,0,0,0,211,0,0,0
0,0,155,0,0,0,3,0,219,0,0,0
0,0,158,0,0,1,4,0,190,0,0,4
0,0,360,0,1,0,0,0,281,0,0,2
0,0,273,0,0,0,1,0,269,0,0,5
2,0,2918,0,2,0,5,3,2315,0,0,54
0,1,184,0,0,1,1,1,320,0,0,2
0,0,224,0,1,2,0,0,258,0,0,2
0,0,417,0,0,3,2,10,806,0,0,5
0,14,1987,0,0,1,1,1,947,0,0,11
2,10,4153,1,4,39,1,119,2443,0,0,130
5,0,1388,0,1,4,5,106,1172,0,0,61
0,130,4685,0,3,30,0,26,4291,0,157,5877
0,687,36151,0,202,462,0,89,17674,0,62,15314
0,540,7172,0,28,78,0,52,3397,0,160,8444
0,5316,207334,0,578,3305,0,510,72763,0,1375,61482
0,538,30290,0,397,227,0,117,12796,0,26,30806
0,359,16296,0,56,124,0,79,8741,0,156,16163
0,103,3739,0,2,40,0,20,2526,0,51,2210
0,450,17534,0,66,149,0,120,12336,0,40,12689
0,170,5924,0,5,32,0,35,2786,0,27,6352
0,332,12738,0,20,79,0,41,4077,0,27,11497
0,94,1542,0,2,5,0,14,751,0,96,2085
0,612,22580,0,51,221,0,145,9123,0,70,11909
0,591,21938,0,59,149,0,69,6153,0,254,13976
0,291,22314,0,108,197,0,79,7600,0,6,11579
0,120,2901,0,6,25,0,19,1689,0,9,4760
0,227,6171,0,25,97,0,80,3406,0,6,7473
0,183,5770,0,57,42,0,67,3484,0,283,8707
1,9,2620,0,0,0,3,0,1851,0,0,26
2,22,6432,0,12,0,3,3,6428,0,0,238
31,1864,54935,1,442,273,88,793,24987,5,0,5884
1,17,1858,0,0,0,0,2,2220,0,0,76
0,0,885,0,2,0,0,3,1636,0,0,9
0,0,362,0,0,0,0,0,881,0,0,7
2,11,8944,0,0,1,0,38,5394,0,0,150
0,0,647,0,1,0,1,0,842,0,0,13
30,2263,91429,0,223,93,49,140,21589,7,0,6742
0,0,418,0,0,0,0,1,544,0,0,5
1,4,2102,0,0,7,2,0,1790,0,0,360
1,13,8419,0,0,20,0,17,9238,0,0,312
0,2,2579,0,0,3,4,1,2211,0,0,83
0,0,1289,0,0,0,1,1,1147,0,0,18
0,7,7705,0,5,11,0,26,3980,0,0,46
0,24,3881,0,4,22,0,0,4080,0,0,97
1,14,2955,0,2,5,0,3,2117,0,0,89
3,6,1966,0,0,0,1,0,1532,0,0,17
2,31,3394,0,0,5,1,0,3427,0,0,153
0,3,553,0,0,0,0,0,587,0,0,24
2,136,33994,0,79,38,1,151,18745,5,0,4466
19,373,205060,1,857,249,208,1158,70900,16,0,2932
0,0,1325,0,0,3,0,0,1682,0,0,13
0,7,2402,0,0,1,0,4,1687,0,0,55
1,15,12676,0,11,15,0,20,6743,0,0,228
0,0,301,0,0,0,0,0,446,0,0,8
15,293,147403,1,666,169,118,3999,50428,4,0,3690
1,2,1298,0,0,1,0,9,1142,0,0,61
0,5,2378,0,0,0,1,6,2760,0,0,146
0,27,3104,0,8,2,0,0,2597,0,0,52
2,0,415,0,0,0,1,0,469,0,0,5
108,1703,368881,0,1865,569,114,1888,116704,12,0,4325
14,14,51427,0,162,89,29,178,19597,0,0,529
0,0,732,0,0,1,1,1,1300,0,0,9
0,28,13790,1,32,6,0,11,9160,0,0,106
0,0,51,0,0,0,0,0,112,0,0,0
0,19,4699,0,4,3,0,3,4287,0,0,75
71,4137,122363,0,420,247,131,773,42822,63,0,9107
0,25,3949,0,0,11,1,4,5940,0,0,150
3,24,19734,0,8,75,18,122,11539,7,0,194
1902,449,130735,99,1158,376,1990,126,45099,146,0,7100
1,0,1249,0,0,7,3,2,1261,0,0,33
0,11,5705,0,0,8,0,96,3927,0,0,578
3,9,4221,0,39,3,9,1,902,1,0,934
16,17,10940,0,16,7,2,1,2639,1,0,2033
11,0,1879,0,2,2,14,0,679,0,0,370
5,3,2491,0,31,0,3,0,406,0,0,558
45,150,44905,0,557,78,47,15,9476,23,0,9110
4,115,19294,0,115,5,10,8,3857,0,0,3695
7,13,2184,0,6,2,21,0,424,0,0,300
14,2,2144,0,4,1,5,0,560,0,0,435
4,7,1599,0,29,0,2,0,194,2,0,456
16,104,33509,0,568,16,34,15,8422,11,0,8614
3,0,1513,0,12,0,7,0,257,0,0,245
1,0,2278,0,0,3,0,0,929,2,0,578
52,149,21399,0,94,14,38,11,3536,19,0,5809
2,7,3115,0,30,1,4,3,711,3,0,347
14,10,14388,0,127,10,6,0,2392,0,0,4577
11,7,1651,0,26,2,11,0,190,2,0,251
2,0,2482,0,23,2,12,1,927,0,0,459
1,13,8711,0,164,5,14,1,1680,4,0,3608
5,0,7751,0,7,2,5,0,1615,2,0,3424
3,4,1793,0,0,0,5,0,373,0,0,325
6,42,5127,0,16,1,1,4,1141,0,0,1349
4,1,4116,0,9,3,4,0,837,0,0,487
7,8,6582,0,103,0,22,0,1652,0,0,1968
6,7,10565,0,50,4,14,0,1012,1,0,1647
11,11,31413,0,37,11,40,2,10629,4,0,8020
5,5,5673,0,89,3,16,0,870,0,0,1559
2,88,4569,0,3,1,5,1,1215,0,0,974
3,3,6845,0,113,12,2,1,1702,3,0,1236
12,12,4115,0,50,2,5,0,1022,1,0,810
2,0,2367,0,51,3,9,0,632,0,0,376
11,10,10438,1,80,34,30,1,2060,5,0,2446
5,1,3694,0,70,1,15,4,864,3,0,771
273,136,59152,3,1274,32,350,1423,6558,65,0,9459
38,57,18445,0,71,6,69,3,5370,8,0,3671
3,0,1291,0,27,2,1,0,213,2,0,239
5,18,9736,0,67,5,17,4,991,1,0,1764
1,13,1696,0,8,0,3,0,426,1,0,384
8,7,4571,0,60,8,14,0,781,4,0,1038
5,2,5219,0,90,3,13,2,1270,0,0,894
2,5,3162,0,35,1,16,3,680,0,0,546
5,42,10763,0,99,6,13,5,2482,0,0,2418
2,10,6695,0,7,1,3,1,1380,6,0,1482
5,29,15326,0,64,3,21,2,4081,1,0,3360
20,71,25769,0,213,18,36,14,6012,8,0,5768
3,0,1333,0,4,1,4,0,287,0,0,195
1,1,839,0,13,1,4,0,278,3,0,55
4,2,741,0,16,0,3,0,231,0,0,114
0,2,4899,0,53,1,8,4,1618,0,0,922
0,1,1833,0,23,0,3,1,318,2,0,359
3,5,2217,0,44,2,5,0,504,3,0,432
3,0,1227,0,14,0,9,0,209,2,0,183
3,0,1238,0,28,1,7,0,239,4,0,511
0,8,2285,0,25,2,5,0,1189,0,0,323
2,1,1841,0,21,1,9,0,461,0,0,424
0,9,432,0,9,0,0,0,53,0,0,46
4,0,2471,0,69,0,3,2,335,0,0,929
1,0,1389,0,10,0,1,0,350,0,0,265
1,1,3046,0,32,0,6,0,777,0,0,613
1,0,1821,0,17,1,8,1,549,0,0,341
0,5,1333,0,36,7,3,0,426,0,0,270
0,65,937,0,7,1,0,1,718,0,0,625
0,46,262,0,0,0,0,0,195,0,0,139
0,1057,11855,0,156,17,2,82,7649,0,0,5275
0,255,5285,0,4,8,1,16,4956,0,0,3853
0,28,347,0,0,0,0,3,341,0,0,453
0,23,1398,0,0,1,0,2,1305,0,0,343
0,7,529,0,0,1,0,0,669,1,0,249
0,42,329,0,0,0,0,36,518,0,0,58
0,205,2745,0,0,21,0,32,2977,0,0,1123
0,195,4775,0,24,5,2,6,4186,0,0,1843
0,401,10878,0,25,15,8,26,3689,0,0,5765
0,11,689,0,0,2,0,1,586,0,0,880
2,350,5124,0,27,9,7,16,2260,0,0,788
0,191,5954,0,45,20,2,18,4221,4,0,2662
0,168,2894,0,8,3,2,36,2773,4,0,2559
0,326,6960,0,21,2,0,41,3052,0,0,5795
0,21,424,0,0,1,0,0,299,0,0,252
0,3,50,0,0,0,0,0,161,0,0,15
0,14,356,0,0,0,0,2,593,0,0,32
0,28,531,0,3,0,1,2,671,0,0,133
1,51,2514,0,9,7,0,4,1587,0,0,1237
0,105,1226,0,58,2,4,7,819,0,0,1859
0,262,2835,0,10,1,0,0,3954,0,0,1689
0,36,1128,0,0,2,3,9,1567,0,0,501
0,32,698,0,6,0,3,0,1307,0,0,121
0,328,6083,0,30,21,0,26,2140,4,0,1973
0,62,325,0,0,5,1,7,445,0,0,78
12,1469,52185,0,440,74,2,110,13975,2,0,14655
0,67,374,0,0,1,1,43,531,0,0,65
0,158,5992,0,2,11,3,18,1798,4,0,2074
0,27,997,0,0,0,3,7,2674,0,0,586
0,441,3572,0,3,11,4,88,2660,0,0,1341
0,160,1834,0,5,7,0,19,1487,0,0,1011
0,253,6513,0,5,6,1,16,2038,0,0,575
1,11,372,0,0,1,2,11,557,0,0,163
0,127,1089,0,0,2,0,2,674,0,0,551
0,27,108,0,0,0,1,17,125,0,0,38
0,978,18630,0,193,9,4,56,6275,3,0,9117
0,4337,84142,0,621,399,1,247,23169,0,0,18730
0,546,11715,0,166,12,2,23,3688,2,0,2832
0,6,100,0,0,0,0,0,56,0,0,137
0,16,458,0,0,1,1,2,384,0,0,547
0,50,1713,0,3,0,1,51,2072,2,0,677
22,2114,46179,0,793,90,35,122,17571,5,0,16444
0,352,10010,0,32,10,7,35,6035,0,0,5567
2,30,1750,0,0,0,2,12,1341,0,0,780
0,186,4079,0,5,3,2,130,4187,2,0,825
2,992,16837,0,3,39,17,48,4492,2,0,7411
0,66,2724,0,0,8,0,10,2797,0,0,798
0,39,504,0,0,2,0,0,472,0,0,355
0,133,800,0,8,0,3,47,1241,0,0,255
0,59,1481,0,0,2,0,4,1153,0,0,444
0,137,4506,0,8,3,2,26,4696,0,0,1171
0,25,856,0,0,0,0,0,953,0,0,890
0,102,427,0,1,3,2,21,251,0,0,96
0,20,64,0,0,0,0,0,69,0,0,20
0,100,630,0,0,1,2,6,772,0,0,289
0,303,1992,0,11,3,0,76,2629,0,0,445
0,191,2049,0,0,15,1,13,1217,0,0,1316
0,66,802,0,3,3,2,4,810,0,0,335
0,651,10927,0,37,48,4,18,6605,3,0,7261
0,100,1202,0,0,26,1,20,1326,4,0,469
0,8,483,0,2,1,0,0,731,0,0,177
0,4,135,0,0,0,0,0,87,0,0,61
4,625,15096,1,4,22,10,16,6251,4,0,4871
0,141,1587,0,0,0,0,4,2107,0,0,1459
0,30,148,0,1,0,0,2,248,0,0,71
0,569,14203,0,16,8,0,30,4737,0,0,4538
0,252,2434,0,8,2,1,0,1760,0,0,2479
0,42,707,0,0,3,1,42,1329,0,0,375
4,388,8127,0,56,31,8,137,4704,4,0,2876
0,62,686,0,9,14,0,4,695,0,0,170
0,164,2410,0,3,3,0,53,2372,0,0,863
0,23,954,0,0,1,0,6,435,0,0,710
0,59,1236,0,3,1,0,1,1015,0,0,1009
0,1,36,0,0,0,1,2,96,0,0,12
0,276,6439,0,3,18,0,12,7992,0,0,4019
0,38,416,0,0,3,0,4,588,0,0,86
0,21,463,0,0,0,2,0,490,0,0,318
0,71,1343,0,1,0,0,46,1480,0,0,727
0,127,2319,0,11,1,6,3,804,2,0,2165
0,163,3264,0,2,3,0,4,818,0,0,1058
0,200,1421,0,1,0,0,30,2042,0,0,262
0,17,447,0,0,0,0,4,552,0,0,940
12,409,8939,0,264,17,16,17,4269,15,0,6564
1,94,2886,0,5,4,4,8,3372,3,0,1049
722,7948,142926,24,1211,182,2414,239,35086,518,0,41410
0,5,241,0,0,3,1,1,251,0,0,150
0,485,4870,0,63,23,0,41,2325,0,0,2347
0,32,1286,0,11,1,0,0,875,0,0,2217
0,104,3491,0,0,1,2,29,5149,0,0,453
0,217,3609,0,33,10,0,25,2050,0,0,2063
0,137,1709,0,2,4,0,5,1027,0,0,952
0,187,4194,0,0,5,3,19,5667,2,0,1659
1,158,1112,0,1,0,2,12,1009,0,0,772
0,19,176,0,0,0,0,0,136,0,0,50
0,103,3164,0,13,3,1,22,1449,0,0,1540
0,1,60,0,0,0,1,0,45,0,0,328
0,50,1337,0,0,0,1,33,1337,0,0,433
0,84,2989,0,0,1,0,13,2130,0,0,3153
0,137,3380,0,5,2,5,2,1678,0,0,2417
0,864,17860,0,150,36,15,43,13340,17,0,8257
0,30,108,0,0,0,1,20,128,0,0,53
0,53,571,0,1,1,0,25,491,0,0,95
0,343,15450,0,14,17,0,10,5456,0,0,10384
0,46,252,0,0,0,2,1,309,0,0,165
0,1,116,0,0,0,0,0,92,0,0,52
1,2080,45897,7,405,194,35,186,12146,7,0,11580
0,356,6303,0,26,4,4,62,5209,0,0,6214
0,0,111,0,0,1,0,2,243,0,0,47
0,69,2620,0,3,2,0,9,955,0,0,1473
0,153,2890,0,0,2,0,2,1627,0,0,1789
0,8,223,0,18,0,0,7,238,0,0,352
0,40,1110,0,6,0,2,11,1007,0,0,392
2,225,6626,0,9,4,6,26,2723,4,0,3127
0,143,2061,0,2,10,0,23,1148,4,0,1398
0,160,2384,0,8,2,0,21,3383,0,0,729
36,1482,34984,1,318,56,105,106,7978,35,0,14650
0,0,761,0,0,0,0,0,736,0,0,377
0,134,940,0,0,1,0,0,491,0,0,1632
0,48,1584,0,0,2,1,7,2217,1,0,630
0,54,323,0,2,4,0,17,435,0,0,357
0,323,19856,0,46,96,4,5,11629,0,0,3319
0,1398,14306,0,96,15,8,74,12221,7,0,9694
0,89,3386,0,2,15,0,12,4384,2,0,1479
0,139,4695,0,0,3,3,8,2938,0,0,3402
0,31,605,0,36,1,1,0,1499,2,0,202
1,347,9262,0,44,29,8,41,6351,6,0,1678
0,95,1085,0,0,8,0,5,692,0,0,341
0,156,6351,0,22,9,0,23,9377,0,0,1226
8,2770,64278,1,272,60,18,222,20007,19,0,10694
0,91,2146,0,0,1,4,9,1932,0,0,560
0,188,9228,0,26,39,3,5,2602,0,0,1539
4,90,2768,0,3,5,2,3,1870,0,0,1873
0,52,1486,0,18,0,1,7,793,2,0,2015
0,133,1050,0,1,5,0,2,413,0,0,295
0,5,109,0,0,0,1,1,117,0,0,114
0,384,9092,0,0,4,5,31,2126,0,0,4630
0,36,539,0,0,0,0,5,347,0,0,650
1,4,107,0,0,0,1,1,92,3,0,231
0,1420,11673,0,85,14,3,104,7120,0,0,5645
0,143,2509,0,0,4,0,31,2952,0,0,382
0,335,3260,0,8,2,0,38,2088,0,0,990
0,234,2428,0,0,4,0,22,2378,0,0,1016
0,124,1318,0,0,1,0,9,919,0,0,891
0,3,375,0,1,0,1,4,379,0,0,111
0,4,349,0,9,0,0,0,1246,0,0,27
0,78,3356,0,5,3,0,2,3047,0,0,2825
0,80,568,0,2,1,2,80,1055,0,0,223
0,32,446,0,0,2,1,0,835,0,0,377
0,62,1029,0,1,2,1,6,956,0,0,774
0,50,1806,0,0,1,0,0,727,0,0,148
0,24,348,0,0,0,1,1,238,0,0,67
0,17,406,0,0,1,0,2,654,0,0,281
1,681,7004,0,14,8,11,98,4528,1,0,1315
0,24,263,0,1,1,0,0,147,0,0,106
0,43,1358,0,0,1,0,0,2569,0,0,662
0,144,1957,0,0,2,0,2,2061,0,0,2128
2,10,328,0,0,0,4,30,932,0,0,41
5,551,10762,0,114,10,28,26,13222,4,0,5057
0,136,2559,0,2,6,1,11,2552,0,0,634
0,85,718,0,0,0,1,14,619,2,0,150
0,23,221,0,0,0,1,0,361,0,0,223
0,98,1669,0,4,1,1,9,1077,0,0,987
0,7,430,0,3,0,0,9,549,0,0,170
0,69,531,0,0,1,0,2,771,0,0,716
0,23,758,0,0,4,0,5,834,0,0,135
1,46,461,0,0,0,4,3,411,2,0,312
0,71,4193,0,4,6,0,5,5626,0,0,2006
0,3,33,0,0,2,2,1,99,2,0,17
0,8,215,0,0,0,1,7,231,3,0,71
0,48,856,0,0,0,0,12,888,0,0,550
0,214,3958,0,0,0,3,11,5384,0,0,1466
0,549,20808,0,34,50,6,72,16967,0,0,9533
0,685,12219,0,27,20,0,74,10193,0,0,3443
0,6,414,0,0,0,0,0,444,0,0,379
0,61,783,0,0,0,0,3,666,3,0,616
2,28,1302,0,2,3,0,9,802,6,0,1109
0,17,514,0,0,1,0,12,535,0,0,114
0,14,91,0,0,0,0,7,151,0,0,102
0,149,4640,0,33,10,0,21,4055,0,0,2114
0,99,1624,0,0,1,0,0,695,0,0,1462
0,295,7090,1,13,5,5,15,5859,13,0,3774
0,17,318,0,0,1,2,3,551,0,0,72
0,14,412,0,18,3,0,2,238,0,0,567
0,42,801,0,0,2,0,4,721,0,0,249
0,34,311,0,0,0,0,0,307,0,0,92
0,82,2222,0,0,0,0,12,1989,0,0,521
0,1283,27662,0,154,56,3,80,9605,10,0,7291
0,13,201,0,0,0,1,0,155,0,0,147
0,288,5927,0,44,5,0,10,3483,0,0,4979
1,109,2697,0,0,2,0,9,2085,0,0,1287
8,6085,168408,6,1570,250,24,298,47571,30,0,81338
0,37,912,0,0,6,0,2,870,0,0,242
0,1,125,0,0,0,0,0,213,0,0,30
0,88,3215,0,2,4,0,10,3395,2,0,532
0,91,844,0,0,0,0,5,637,2,0,868
0,7,51,0,0,3,0,1,129,0,0,11
0,80,419,0,0,0,0,0,259,0,0,694
0,26,1612,0,3,1,2,26,1745,2,0,583
0,52,1472,0,3,1,10,42,1865,3,0,929
0,7,69,0,1,0,0,0,152,0,0,23
0,17,246,0,0,3,0,0,209,0,0,146
0,482,13236,0,12,14,0,35,2845,0,0,6143
0,33,1793,0,2,5,0,0,1186,0,0,571
0,411,13202,7,128,44,1,54,1958,10,0,1941
0,158,9593,0,21,14,0,16,9337,0,0,4285
0,82,2914,0,2,5,0,6,1462,0,0,3023
0,33,370,0,0,0,0,17,397,0,0,85
0,134,1364,0,7,1,1,22,2298,0,0,141
0,202,3516,0,2,5,3,10,3584,0,0,1419
0,32,488,0,1,0,3,2,1002,0,0,68
3,13,498,0,0,2,2,1,178,0,0,366
0,23,1783,0,0,0,0,2,695,0,0,1467
1,10,765,0,1,0,2,14,1202,0,0,141
13,28,878,0,0,27,10,2,324,0,0,882
1,5,272,0,1,0,0,1,81,0,0,258
1,8,1099,0,0,2,3,5,665,0,0,566
3,11,842,0,0,1,2,3,261,0,0,450
0,20,187,0,0,0,1,1,103,0,0,101
2,9,609,0,1,0,1,1,164,1,0,279
1,4,143,0,0,0,1,2,87,0,0,45
0,0,616,0,0,4,0,4,340,0,0,186
1,3,370,0,0,0,3,0,264,0,0,92
3,44,6842,0,1,6,5,1,1578,0,0,2694
1,9,114,0,0,0,0,2,54,0,0,78
2,8,280,0,0,0,1,0,120,1,0,301
0,8,224,0,0,1,0,3,98,0,0,65
2,32,266,0,0,0,0,0,91,0,0,145
0,16,288,0,0,0,0,2,140,0,0,252
0,213,1127,0,0,0,1,1,237,0,0,383
0,5,926,0,1,1,1,2,232,1,0,793
1,76,527,0,1,0,1,2,154,0,0,719
0,15,205,0,1,0,0,5,86,0,0,33
2,13,767,0,3,0,5,1,371,0,0,326
6,13,302,0,0,0,3,1,157,0,0,154
1,8,481,0,1,1,2,2,793,1,0,673
0,5,520,0,1,0,1,2,225,0,0,545
2,16,1572,0,1,0,0,5,508,0,0,685
0,5,518,0,0,1,0,4,215,0,0,78
1,6,634,0,1,0,1,4,328,0,0,218
1,20,233,0,0,0,0,0,55,0,0,79
0,2,167,0,0,1,1,1,109,2,0,148
1,45,909,0,0,0,1,2,299,0,0,374
4,61,1798,0,0,2,4,14,565,0,0,696
0,22,406,0,0,1,0,0,141,0,0,235
1,12,590,0,0,0,2,3,216,0,0,330
3,11,585,0,0,0,1,4,259,0,0,531
0,11,451,0,0,2,0,1,204,0,0,140
2,62,4111,1,1,43,2,48,1202,10,0,3974
0,11,620,0,0,2,1,1,224,0,0,608
3,160,3264,0,6,4,2,11,1145,0,0,1625
13,67,16749,0,55,26,9,21,4637,17,0,24885
2,12,408,0,1,1,1,0,212,0,0,157
0,32,242,0,0,0,0,0,63,0,0,113
0,8,501,0,0,4,1,0,329,0,0,665
1,3,233,0,0,0,0,0,94,0,0,109
0,5,292,0,0,0,1,0,212,0,0,87
2,9,643,0,1,2,2,1,568,0,0,165
7,57,1957,0,0,5,7,21,485,0,0,686
1,5,184,0,0,0,0,2,110,0,0,79
3931,2405,492697,46,1935,680,4834,1484,97170,1153,6,181977
4,10,637,0,1,0,0,1,177,0,0,411
3,85,5066,0,20,15,24,59,2197,8,0,4416
2,27,1227,0,0,5,3,14,926,0,0,272
0,4,340,0,0,0,0,5,106,0,0,433
0,34,483,0,0,0,3,6,204,0,0,200
1,69,3513,0,1,5,4,26,3149,0,0,786
2,10,729,0,0,1,1,9,399,0,0,715
4,61,1694,0,1,4,6,34,841,0,0,701
18,214,17612,0,80,26,46,153,5151,2,0,14106
1,1,62,0,0,0,0,0,25,0,0,25
1,2,450,0,0,0,1,5,170,0,0,86
4,9,546,0,3,0,0,1,263,0,0,516
2,8,460,0,0,1,0,2,282,0,0,504
0,0,112,0,0,1,0,0,47,0,0,48
1,3,346,0,0,1,0,1,149,0,0,127
1,6,359,0,0,0,0,0,204,0,0,150
2,12,950,0,0,0,1,2,391,0,0,989
1,4,482,0,0,0,1,1,196,0,0,358
2,22,460,0,0,1,4,3,223,0,0,233
0,14,423,0,0,0,0,2,229,2,0,144
0,5,114,0,0,1,0,0,84,0,0,133
0,1,252,0,1,5,0,0,97,0,0,219
0,5,180,0,0,0,0,3,70,0,0,32
1,7,381,0,0,0,0,1,153,1,0,218
0,12,385,0,0,0,1,0,201,0,0,168
5,15,1143,0,2,5,7,5,554,0,0,1300
2,6,215,0,0,0,0,0,104,0,0,288
0,10,368,0,0,3,0,0,105,0,0,216
4,123,4503,1,0,5,12,41,2386,4,0,729
0,19,778,0,0,1,0,3,328,0,0,237
1,43,179,0,0,0,0,0,48,0,0,190
2,17,721,0,0,6,1,8,276,0,0,459
0,6,632,0,0,3,1,3,216,0,0,310
0,11,544,0,0,2,2,2,275,0,0,304
0,120,1166,0,0,0,0,2,380,0,0,1039
0,3,165,0,0,1,0,0,67,0,0,147
1,10,360,0,0,2,4,0,216,0,0,338
0,8,159,0,0,3,0,1,54,0,0,79
8,120,5610,0,5,3,29,25,2214,0,0,2902
0,3,516,0,0,0,1,3,211,0,0,815
0,71,1104,0,0,2,1,3,380,0,0,439
3,48,364,0,0,2,2,6,76,0,0,285
2,26,2991,0,4,6,2,7,773,0,0,2101
1,6,315,0,0,1,3,0,158,0,0,34
1,8,913,0,0,3,1,5,287,0,0,972
15,339,8217,0,17,10,32,87,3312,26,0,5065
2,8,253,0,0,0,0,0,167,0,0,70
1,38,724,0,0,1,1,15,479,0,0,139
0,27,182,0,0,0,0,0,51,0,0,308
1,8,750,0,1,2,1,5,395,0,0,772
9,127,11556,0,2,10,13,64,4036,14,0,11917
23,716,14678,0,31,15,28,83,3160,3,0,13318
1,7,280,0,0,0,0,1,89,0,0,177
0,57,747,0,1,0,5,7,318,0,0,260
0,5,566,0,0,2,1,1,187,1,0,1322
0,2,327,0,0,0,0,0,96,0,0,198
0,22,1444,0,0,1,6,8,1797,3,0,475
0,1,1064,0,0,1,1,0,1399,0,0,29
0,1,1020,1,0,2,4,1,1152,0,0,94
0,7,894,0,0,1,1,0,1015,0,0,58
6,23,9908,1,0,29,17,44,7464,3,0,5299
1,0,1181,0,0,2,0,1,1050,0,0,504
1,20,1991,1,13,11,2,14,1297,0,0,77
0,10,2476,0,4,3,1,2,2375,0,0,870
4,9,1010,0,7,2,4,0,1520,0,0,35
17,272,49080,9,292,297,31,65,32156,9,0,24878
2,9,1354,0,0,1,5,0,1745,0,0,83
2,2,1314,0,3,4,10,0,1889,0,0,235
1,2,1543,0,0,1,0,2,1330,0,0,562
0,5,2497,0,15,6,6,0,4637,0,0,433
1,1,510,0,0,0,2,0,669,0,0,24
1,37,4771,0,6,14,2,3,5162,0,0,1190
37,396,66496,3,117,69,77,109,25973,51,1,12135
0,11,1628,0,0,0,14,0,2264,0,0,173
4,85,9325,2,17,3,6,7,8806,0,0,1981
11,106,21391,0,32,46,28,27,16961,15,0,8358
0,0,175,0,0,0,0,0,255,0,0,17
0,16,4215,0,4,10,3,1,5171,0,0,2480
0,58,3797,0,3,4,5,10,3368,3,0,1746
6,43,16457,0,9,33,17,10,13790,2,0,4380
3,13,4608,0,0,7,1,1,4318,0,0,831
0,12,1474,0,6,28,9,1,1895,2,0,48
1,0,353,0,1,6,0,0,379,0,0,12
0,1,713,2,0,1,6,0,1032,2,0,88
0,18,4566,1,1,51,2,1,5079,0,0,2421
0,3,1813,0,0,2,1,1,1669,0,0,93
2,4,3347,1,0,8,2,0,3687,0,0,374
0,10,3995,2,9,14,14,5,2949,2,0,921
1,11,1594,0,0,3,4,3,2171,0,0,148
0,67,7993,0,2,13,10,7,8374,6,0,2664
0,2,3058,0,0,3,9,1,2825,0,0,1176
0,45,9140,1,14,13,8,16,8166,0,0,2852
0,24,3290,0,3,12,8,1,2863,0,0,1370
0,24,10439,0,4,10,16,1,12391,4,0,3615
5,74,10672,2,10,35,33,17,9957,12,0,4090
0,8,2107,0,2,10,1,1,3400,0,0,694
0,0,63,0,0,0,0,0,81,0,0,5
5,46,10535,2,10,47,30,19,11499,8,0,1708
1,1,377,0,1,2,5,0,418,0,0,95
4,64,3605,1,0,10,6,9,3637,0,0,755
0,21,2230,0,0,2,2,10,2447,3,0,147
0,6,2546,0,1,3,3,1,2735,0,0,278
3,11,1502,1,0,2,1,0,1752,0,0,346
3,129,7569,0,12,10,17,28,6203,4,0,1689
5,29,6717,0,2,7,17,21,7540,0,0,976
0,5,2206,0,30,5,4,13,1667,0,0,609
1,7,4885,0,5,30,19,1,6323,3,0,1444
1,18,5736,0,0,3,0,1,5176,0,0,1805
1,11,2554,0,0,0,2,1,2163,0,0,781
5,1,3545,0,0,3,1,4,3347,0,0,2088
4,53,8426,0,6,10,8,29,7995,7,0,1567
196,563,60126,7,300,173,952,133,23198,164,0,7807
1,18,2770,0,22,27,4,1,2409,0,0,735
1,4,679,2,0,1,4,1,758,0,0,54
